id,area,requirement,reference,evidence,quick_win,typical_owner
S1,1. Scope and roles,"Confirm whether the CRA applies to each product: is it hardware or software with a data connection, sold or supplied in the EU, and does any exclusion apply (for example medical devices, vehicles, or products covered by other EU sector rules)?","Art. 2, Art. 3",A short written scope note per product from the lawyer.,"List every product and version you sell into the EU and how it connects (Wi-Fi, Bluetooth, app, cloud). Hand the list to the lawyer.",Lawyer
S2,1. Scope and roles,"Confirm the product's category: default, important (class I or II) or critical. The category decides how conformity must be assessed.","Art. 7, Art. 8, Annex III, Annex IV",The lawyer's category decision with reasons.,"Write down the product's main function and any security features (locks, cameras, alarms, routers, password storage) for the lawyer.",Lawyer
S3,1. Scope and roles,"Confirm your role for each product: manufacturer, importer or distributor. A company outside the EU should also decide who imports and whether to appoint an authorised representative in the EU.","Art. 13, Art. 18 to 20","Role per product, confirmed by the lawyer.","Note who designs the product, under whose name it is sold, and who brings it into the EU.",Lawyer
S4,1. Scope and roles,"Check which other EU rules apply at the same time, for example the cybersecurity rules for wireless products under the Radio Equipment Directive, data protection law (GDPR) and product safety rules.",Other EU law,List of applicable rules from the lawyer or test lab.,"If the product has Wi-Fi, Bluetooth, LoRa or mobile data, ask your test lab about the radio cybersecurity standards (EN 18031 series).",Lawyer
S5,1. Scope and roles,"If the product needs a cloud service or app to do its job, ask whether that service counts as part of the product (remote data processing) and so must meet the same requirements.",Art. 3,"The lawyer's answer, recorded in the scope note.","Draw a simple diagram: device, app, cloud, and which functions need which part.",Lawyer
D1,2. Risk assessment and documentation,"Carry out a cybersecurity risk assessment for the product, write it down, keep it up to date during the support period, and use it when designing, building, delivering and maintaining the product.",Art. 13,"Dated, versioned risk assessment that links risks to design decisions.","Start with a one-page threat list: who might attack, through which interface, and what would go wrong for the user.",Product lead
D2,2. Risk assessment and documentation,"Keep technical documentation: what the product is, its design and architecture, how vulnerabilities are handled, the risk assessment, how the support period was chosen, standards used, test reports and the SBOM.","Art. 31, Annex VII",A technical file folder with an index page.,Create the folder now and file this readiness pack in it.,Product lead
D3,2. Risk assessment and documentation,"Keep the technical documentation and the EU declaration of conformity for at least 10 years after the product is placed on the market, or for the support period if that is longer.",Art. 13,Archive location and retention rule written down.,"Use storage you control with backups, not a personal laptop.",Management
D4,2. Risk assessment and documentation,Choose and complete the conformity assessment route that fits the product's category. Default-category products can usually use self-assessment; other categories may need harmonised standards or a notified body.,Art. 32,Conformity assessment record.,"Ask the lawyer early, because notified bodies can have waiting lists.",Lawyer
D5,2. Risk assessment and documentation,"After the conformity assessment, draw up and sign the EU declaration of conformity and put the CE marking on the product. The manufacturer signs it, never an outside consultant.","Art. 28 to 30, Annex V",Signed declaration of conformity; CE marking on product or packaging.,Not before the other items are done. Plan it for well before 11 December 2027 (verify current dates).,Management
D6,2. Risk assessment and documentation,"Mark the product with its type and a batch or serial number, and give the manufacturer's name, postal address and electronic contact on the product, packaging or accompanying document.",Art. 13,Label artwork; packaging; manual.,Check the current label and box against this list.,Product lead
P1,"3. Secure by design (Annex I, Part I)","Design, build and produce the product so its level of security matches the risks found in the risk assessment.",Annex I Part I (1),Risk assessment linked to design decisions and tests.,Pick the three biggest risks and note what the product already does about each.,Product lead
P2,"3. Secure by design (Annex I, Part I)","Put each release on the market without known exploitable vulnerabilities: check its components against vulnerability databases first, then fix each finding or record why it cannot be exploited.",Annex I Part I (2)(a),"SBOM and vulnerability report for each release, with a decision for every open finding.",Run make_sbom and vuln_report as a fixed step of every release.,Developers
P3,"3. Secure by design (Annex I, Part I)","Ship with secure default settings (no shared default passwords, unneeded services switched off) and let users reset the product to its original state.",Annex I Part I (2)(b),List of default settings; factory reset instructions.,"Unique password per device, or force the user to set one on first use.",Developers
P4,"3. Secure by design (Annex I, Part I)","Make sure vulnerabilities can be fixed through security updates. Where it suits the product, install security updates automatically by default with an easy opt-out, tell users about available updates, and let them postpone an update for a while.",Annex I Part I (2)(c),Description of the update mechanism; screenshots of the settings.,"If updates are manual today, plan automatic security updates for the next major release.",Developers
P5,"3. Secure by design (Annex I, Part I)","Protect against unauthorised access with suitable controls such as authentication and access management, and report possible unauthorised access.",Annex I Part I (2)(d),Authentication design; logging or alerts for failed log-ins.,Limit log-in attempts and log the failures.,Developers
P6,"3. Secure by design (Annex I, Part I)","Keep data confidential, whether stored, sent or processed, personal or not, for example with current encryption at rest and in transit.",Annex I Part I (2)(e),TLS settings; notes on how stored data and keys are protected.,"Use TLS 1.2 or newer for every connection, and keep no secrets in plain text in firmware.",Developers
P7,"3. Secure by design (Annex I, Part I)","Protect data, commands, programs and settings against unauthorised changes and report corruption, for example with signed firmware and secure boot.",Annex I Part I (2)(f),Firmware signing and verification process.,Sign firmware images and check the signature before installing them.,Developers
P8,"3. Secure by design (Annex I, Part I)",Process only the data that is needed for the product's intended purpose (data minimisation).,Annex I Part I (2)(g),"Data inventory: what is collected, where it goes, and why.","List every data field the device and app send, and drop what is not needed.",Product lead
P9,"3. Secure by design (Annex I, Part I)","Keep essential functions available, also after an incident, for example by being resilient against denial-of-service attacks.",Annex I Part I (2)(h),"Test notes, including how the product behaves when the cloud is down.",Make sure the core function keeps working when the internet or cloud is unavailable.,Developers
P10,"3. Secure by design (Annex I, Part I)","Limit the harm the product can cause to other devices and networks, for example traffic floods or aggressive retries.",Annex I Part I (2)(i),Network behaviour notes; retry and rate limits.,Add back-off and limits to every reconnect and retry loop.,Developers
P11,"3. Secure by design (Annex I, Part I)","Keep the attack surface small, including external interfaces: close unused ports and services, and disable debug interfaces on production units.",Annex I Part I (2)(j),"List of open interfaces and ports per part, with reasons.",Disable JTAG and serial debug access and remove test endpoints in production builds.,Developers
P12,"3. Secure by design (Annex I, Part I)","Reduce the impact of an incident with exploit mitigation techniques, for example memory protection, least privilege and separating components.",Annex I Part I (2)(k),Build settings and design notes showing the mitigations used.,"Turn on the compiler and platform protections your SDK offers (stack protection, memory protection).",Developers
P13,"3. Secure by design (Annex I, Part I)","Record and monitor relevant security events, such as access to or changes of data, services or functions, and let users opt out.",Annex I Part I (2)(l),Logging design; where logs go and how long they are kept.,"Log log-ins, setting changes and update installs in the cloud service.",Developers
P14,"3. Secure by design (Annex I, Part I)","Let users delete all their data and settings securely and permanently, and move data to another product or system securely where that is possible.",Annex I Part I (2)(m),Factory reset and account deletion instructions; test result.,"Make the factory reset wipe keys, Wi-Fi credentials and user data, and test it.",Developers
V1,"4. Vulnerability handling (Annex I, Part II)","Identify and document the product's components and vulnerabilities, including an SBOM in a common machine-readable format that covers at least the top-level dependencies.",Annex I Part II (1),"CycloneDX SBOM per release, confirmed by the manufacturer.",Use this kit's make_sbom script for every release.,Developers
V2,"4. Vulnerability handling (Annex I, Part II)","Fix vulnerabilities without delay, in line with the risk, by providing security updates. Where technically possible, ship security fixes separately from new features.",Annex I Part II (2),Release notes showing security-only updates; fix-time records.,Agree internal fix targets by severity (see the policy).,Developers
V3,"4. Vulnerability handling (Annex I, Part II)",Test and review the product's security effectively and regularly.,Annex I Part II (3),Test plan; monthly dependency checks; review notes; penetration test report if any.,Monthly dependency check plus a short security review before each release.,Developers
V4,"4. Vulnerability handling (Annex I, Part II)","Once a fix is available, publish information about the fixed vulnerability: what it was, which products and versions are affected, the impact, the severity and how users can fix it. In justified cases you may wait until users have had the chance to update.",Annex I Part II (4),Security advisories page with past advisories.,Create a simple 'Security advisories' page on the website.,Product lead
V5,"4. Vulnerability handling (Annex I, Part II)",Have a coordinated vulnerability disclosure policy and actually follow it.,Annex I Part II (5),Published policy; log of reports handled under it.,Publish the policy from this kit after the lawyer has read it.,Management
V6,"4. Vulnerability handling (Annex I, Part II)","Make it easy to report vulnerabilities in the product and in the third-party components it contains, including a contact address for reports.",Annex I Part II (6),"security.txt, security web page, monitored mailbox.",Publish security.txt and check the mailbox every working day.,Product lead
V7,"4. Vulnerability handling (Annex I, Part II)","Distribute updates securely (for example signed, over encrypted connections) so fixes reach users in time, and automatically where that applies to security updates.",Annex I Part II (7),Update distribution design; signing key management.,"Keep the signing key off developer laptops, for example in a hardware token or a secrets manager.",Developers
V8,"4. Vulnerability handling (Annex I, Part II)","Release security updates without delay and free of charge (unless otherwise agreed with a business customer for a tailor-made product), with a message telling users what the update fixes and what to do.",Annex I Part II (8),Update notes and user messages for past security updates.,Write a short template for security update notes.,Product lead
V9,"4. Vulnerability handling (Annex I, Part II)","When you find a vulnerability in a third-party or open-source component, report it to whoever maintains that component, and share your fix with them where appropriate.",Art. 13,Copies of reports sent to component maintainers.,Add 'tell the upstream maintainer' as a step in the runbook.,Developers
V10,"4. Vulnerability handling (Annex I, Part II)","Take care when choosing third-party components, including open source, so they do not weaken the product's security.",Art. 13,"Short notes on why each major component was chosen (maintained, no known vulnerabilities, licence fits).","Before adding a new library, check its last release date and known vulnerabilities.",Developers
R1,5. Reporting (applies since 11 September 2026),Know where and how to report: get access to ENISA's single reporting platform and find out which national CSIRT acts as your coordinator.,"Art. 14, Art. 16",Completed 'Before you need it' section of the runbook; access tested.,"Request platform access for the incident lead and the deputy now, not during an incident.",Management
R2,5. Reporting (applies since 11 September 2026),"Be ready to report actively exploited vulnerabilities: early warning within 24 hours, notification within 72 hours, final report within 14 days after a fix or mitigation is available.",Art. 14,Reporting runbook; notes from a practice run.,Run a one-hour tabletop exercise with the runbook.,Management
R3,5. Reporting (applies since 11 September 2026),"Be ready to report severe incidents that affect the product's security: early warning within 24 hours, notification within 72 hours, final report within one month after the notification.",Art. 14,Reporting runbook; notes from a practice run.,Agree with your hosting provider how they will tell you about incidents.,Management
R4,5. Reporting (applies since 11 September 2026),"After an actively exploited vulnerability or severe incident, inform affected users (and all users where appropriate) about the problem and what they can do, using a structured, machine-readable format as well as plain language.",Art. 14,User notice template; advisory format (for example CSAF).,Prepare a user notice template now (see the runbook).,Product lead
R5,5. Reporting (applies since 11 September 2026),"Name the people who handle reports (lead, deputy, technical, communications, management, lawyer), keep their contact details current, and practise at least once a year.",Good practice,Roles table in the runbook; date of last practice run.,Put the roles table on one printed page.,Management
R6,5. Reporting (applies since 11 September 2026),"Offer a single point of contact so users can reach you quickly, including about vulnerabilities, and let them choose how to contact you rather than only through automated tools.",Art. 13,Contact page; support process.,Make sure a person reads the security and support mailboxes.,Product lead
U1,6. Support period and updates,"Decide the support period. It should match how long people are expected to use the product, and be at least five years unless the product is expected to be used for less.",Art. 13,Support period statement with the reasons for the decision.,Use this kit's support period template.,Management
U2,6. Support period and updates,"Show the end of the support period, at least month and year, clearly at the time of purchase, for example on the product page and the packaging.",Art. 13,Screenshot of the product page; packaging artwork.,Add 'Security updates until <month year>' to the product page.,Product lead
U3,6. Support period and updates,"Keep each security update available for at least 10 years after its release, or for the rest of the support period if that is longer.",Art. 13,Update archive and retention rule.,Keep all firmware and app releases in long-term storage with backups.,Developers
U4,6. Support period and updates,"Check that the components you depend on (SDK, operating system, language runtime, cloud services) stay supported for your whole support period, or plan to replace them.",Good practice,Component end-of-support list with dates.,Note the end-of-support date of your SDK and runtime versions.,Developers
I1,7. Information for users (Annex II),"Give the manufacturer's name, registered trade name or trademark, postal address, email or other digital contact, and website.",Annex II (1),"Manual, packaging and website.",Check the manual and the 'About' page.,Product lead
I2,7. Information for users (Annex II),Say where vulnerabilities can be reported and where the coordinated vulnerability disclosure policy can be found.,Annex II (2),Manual and website link to the policy and security.txt.,Add one line to the manual: 'Report security problems to ...'.,Product lead
I3,7. Information for users (Annex II),"Identify the product: name, type and any details that identify it uniquely, such as model and version.",Annex II (3),Manual and label.,Show the firmware version in the app.,Product lead
I4,7. Information for users (Annex II),"Describe the intended purpose, the security environment, the essential functions and the security properties.",Annex II (4),A 'Security information' section in the manual or online.,Write half a page on what the product does and how it protects itself.,Product lead
I5,7. Information for users (Annex II),"Describe known or foreseeable situations, including reasonably foreseeable misuse, that could lead to significant cybersecurity risks.",Annex II (5),A 'Safe use' section in the manual or online.,For example: do not expose the device directly to the internet.,Product lead
I6,7. Information for users (Annex II),"Where applicable, give the web address where the EU declaration of conformity can be found.",Annex II (6),Link in the manual.,Reserve the web address now; publish the declaration once it is signed.,Product lead
I7,7. Information for users (Annex II),State the type of security support offered and the end date of the support period.,Annex II (7),Support period statement linked from the manual.,Reuse the public part of the support period statement.,Product lead
I8,7. Information for users (Annex II),"Give instructions on: secure set-up and use, how changes can affect data security, how to install security updates, secure decommissioning including data removal, how to turn off automatic updates, and what integrators need to know (if the product goes into other products).",Annex II (8),Manual or online help pages covering each topic.,Turn the list into headings in the online help and fill them in one by one.,Product lead
I9,7. Information for users (Annex II),"If you choose to share the SBOM with users, say where it can be found.",Annex II (9),"Link in the manual, or a note that the SBOM is not shared.",Decide whether to share the SBOM. You do not have to publish it.,Management
