type,name,label::English (en),hint::English (en),required,relevant,constraint,constraint_message::English (en),calculation,appearance,parameters
start,start,,,,,,,,,
end,end,,,,,,,,,
today,today,,,,,,,,,
note,intro,**Lakeside Community Health Check** (fictional sample form). Staff complete this form with the participant. Choose the visit first.,,,,,,,,
text,participant_id,Participant ID,"Format LH-0000, for example LH-0042",yes,,"regex(., '^LH-[0-9]{4}$')","Use the format LH-0000: LH, a dash, then 4 digits.",,,
select_one visit,visit,Which visit is this?,,yes,,,,,,
begin_group,screening,Screening visit,,,${visit} = 'screening',,,,,
date,scr_date,Date of screening,,yes,,. >= date('2026-01-01') and . <= today(),The date cannot be before 2026 or in the future.,,,
select_one yesno,consent,Has the participant signed the study consent form?,,yes,,,,,,
note,consent_stop,**STOP.** Do not continue: people can only take part after signing the consent form.,,,${consent} = '0',,,,,
begin_group,section_a,Section A: About you,,,${consent} = '1',,,,,
date,dob,1. What is your date of birth?,,yes,,. >= date('1900-01-01') and . <= today(),The date cannot be before 1900 or in the future.,,,
calculate,age,,,,,,,"if(${dob} != '' and ${scr_date} != '', int((decimal-date-time(${scr_date}) - decimal-date-time(${dob})) div 365.2425), '')",,
note,age_stop,**STOP.** This person is under 18 and cannot take part. Do not continue.,,,${age} != '' and ${age} < 18,,,,,
select_one sex,sex,2. What is your sex?,,yes,,,,,,
select_one education,education,3. What is the highest level of education you have completed?,,yes,,,,,minimal,
integer,household,"4. How many people live in your household, including you?",,,,. >= 1 and . <= 20,Enter a number from 1 to 20.,,,
end_group,,,,,,,,,,
begin_group,section_b,Section B: Your health,,,${consent} = '1',,,,,
select_multiple conditions,conditions,5. Has a doctor or nurse ever told you that you have any of these conditions? Tick all that apply.,,yes,,"not(selected(., '6') and count-selected(.) > 1)",'None of these' cannot be ticked together with a condition.,,,
select_one yesno,bp_med,6. Are you currently taking medicine for high blood pressure?,,yes,"selected(${conditions}, '1')",,,,,
select_one smoke,smoke_status,"7. Do you smoke tobacco (cigarettes, cigars, pipe, water-pipe or similar)?",,yes,,,,,,
integer,cig_per_day,"8. On a day when you smoke, how many cigarettes (or similar) do you usually smoke?",,yes,${smoke_status} = '1' or ${smoke_status} = '2',. >= 1 and . <= 80,Enter a number from 1 to 80.,,,
integer,active_days,"9. In a usual week, on how many days are you active for at least 30 minutes (for example brisk walking, cycling, sport or heavy housework)?",0 to 7 days,yes,,. >= 0 and . <= 7,Enter a number from 0 to 7.,,,
integer,fruit_veg,"10. On a usual day, how many portions of fruit and vegetables do you eat? One portion is about a handful.",,,,. >= 0 and . <= 20,Enter a number from 0 to 20.,,,
range,energy,"11. Over the past week, how much energy have you had?","0 = No energy at all, 100 = Full of energy",,,,,,,start=0 end=100 step=1
select_one often,sleep_trouble,"12. Over the past month, how often have you had trouble sleeping?",,,,,,,,
begin_group,scr_symptoms,"13. In the past 2 weeks, how often have you had the following?",,,,,,,table-list,
select_one freq3,sym_headache,Headaches,,,,,,,,
select_one freq3,sym_dizzy,Dizziness or feeling faint,,,,,,,,
select_one freq3,sym_chest,Chest pain or tightness,,,,,,,,
select_one freq3,sym_breath,Shortness of breath,,,,,,,,
select_one freq3,sym_ankles,Swollen ankles or feet,,,,,,,,
end_group,,,,,,,,,,
end_group,,,,,,,,,,
begin_group,section_c,Section C: Measurements (staff to complete),,,${consent} = '1',,,,,
decimal,height_cm,14a. Height (cm),"Measure without shoes. Enter one decimal place, e.g. 165.0",yes,,. >= 100 and . <= 230,Enter a height from 100 to 230 cm.,,,
decimal,weight_kg,14b. Weight (kg),"Light clothing, no shoes. Enter one decimal place, e.g. 72.4",yes,,. >= 30 and . <= 250,Enter a weight from 30 to 250 kg.,,,
calculate,bmi,,,,,,,"if(${height_cm} != '' and ${weight_kg} != '', round(${weight_kg} div ((${height_cm} div 100) * (${height_cm} div 100)), 1), '')",,
note,bmi_show,"Body mass index (BMI, kg/m2): ${bmi}",,,${bmi} != '',,,,,
integer,scr_sbp,15a. Systolic blood pressure (mmHg),"Seated, after 5 minutes' rest",yes,,. >= 70 and . <= 250,Enter a value from 70 to 250.,,,
integer,scr_dbp,15b. Diastolic blood pressure (mmHg),,yes,,. >= 40 and . <= 150 and . < ${scr_sbp},"Enter a value from 40 to 150, lower than the systolic value.",,,
end_group,,,,,,,,,,
begin_group,section_d,Section D: Result and follow-up (staff to complete),,,${consent} = '1',,,,,
calculate,bp_high,,,,,,,"if(${scr_sbp} = '' or ${scr_dbp} = '', '', if(${scr_sbp} >= 140 or ${scr_dbp} >= 90, 1, 0))",,
note,bp_high_msg,This reading is 140/90 mmHg or higher. Give the participant the advice leaflet and invite them to the 3 follow-up visits.,,,${bp_high} = 1,,,,,
select_one yesno,fu_agree,Has the participant agreed to the 3 follow-up visits?,,yes,${bp_high} = 1,,,,,
begin_group,contact_details,Contact details,,,${fu_agree} = '1',,,,,
note,contact_intro,Complete this form only if the participant agreed to the follow-up visits. These details identify the participant: record them only here.,,,,,,,,
text,contact_phone,Phone number for follow-up reminders,Include the area code,yes,,,,,numbers,
select_one contact_time,contact_time,Best time to call,,,,,,,,
select_one yesno,contact_sms,May we send text message reminders before each visit?,,yes,,,,,,
end_group,,,,,,,,,,
text,scr_notes,"Staff notes (do not write names, addresses or phone numbers here)",,,,string-length(.) <= 500,Keep notes under 500 characters.,,multiline,
end_group,,,,,,,,,,
end_group,,,,,,,,,,
begin_group,follow_up,Follow-up visit,,,${visit} != '' and ${visit} != 'screening',,,,,
date,fu_date,F1. Date of visit (or date of last contact attempt),,yes,,. >= date('2026-01-01') and . <= today(),The date cannot be before 2026 or in the future.,,,
select_one yesno,fu_attended,F2. Did the visit take place?,,yes,,,,,,
select_one missed,fu_missed_reason,F3. Main reason the visit did not take place,,yes,${fu_attended} = '0',,,,,
text,fu_missed_other,"F3a. Other reason, please describe",,yes,${fu_missed_reason} = '5',,,,,
begin_group,fu_measurements,Measurements,,,${fu_attended} = '1',,,,,
integer,fu_sbp,F4a. Systolic blood pressure (mmHg),"Seated, after 5 minutes' rest",yes,,. >= 70 and . <= 250,Enter a value from 70 to 250.,,,
integer,fu_dbp,F4b. Diastolic blood pressure (mmHg),,yes,,. >= 40 and . <= 150 and . < ${fu_sbp},"Enter a value from 40 to 150, lower than the systolic value.",,,
decimal,fu_weight,F5. Weight (kg),"Light clothing, no shoes. Enter one decimal place, e.g. 72.4",,,. >= 30 and . <= 250,Enter a weight from 30 to 250 kg.,,,
end_group,,,,,,,,,,
begin_group,fu_medicines,Medicines and symptoms,,,${fu_attended} = '1',,,,,
select_one yesno,fu_bp_med,F6. Are you currently taking medicine for high blood pressure?,,yes,,,,,,
integer,fu_med_days,F7. On how many of the last 7 days did you take your blood pressure medicine?,,yes,${fu_bp_med} = '1',. >= 0 and . <= 7,Enter a number from 0 to 7.,,,
begin_group,fu_symptoms,"F8. In the past 2 weeks, how often have you had the following?",,,,,,,table-list,
select_one freq3,fu_headache,Headaches,,,,,,,,
select_one freq3,fu_dizzy,Dizziness or feeling faint,,,,,,,,
select_one freq3,fu_chest,Chest pain or tightness,,,,,,,,
select_one freq3,fu_breath,Shortness of breath,,,,,,,,
select_one freq3,fu_ankles,Swollen ankles or feet,,,,,,,,
end_group,,,,,,,,,,
select_one yesno,fu_health_event,"F9. Since the last visit, have you stayed overnight in hospital, visited an emergency department, or been told you have a new health condition?",,yes,,,,,,
end_group,,,,,,,,,,
begin_repeat,health_event,Health event,,,${fu_health_event} = '1',,,,,
note,fu_he_msg,Complete one Health event form for each event.,,,,,,,,
date,he_date,H1. Date the event started,,yes,,. >= date('2026-01-01') and . <= today(),The date cannot be before 2026 or in the future.,,,
select_one he_type,he_type,H2. Type of event,,yes,,,,,,
text,he_type_other,"H2a. Other, please describe",,yes,${he_type} = '4',,,,,
integer,he_nights,H3. Number of nights in hospital,,yes,${he_type} = '1',. >= 1 and . <= 365,Enter a number from 1 to 365.,,,
select_one yes_no_unsure,he_heart,H4. Was the event related to the heart or blood pressure?,,yes,,,,,,
text,he_desc,H5. Brief description (no names or other identifying details),,,,string-length(.) <= 500,Keep the description under 500 characters.,,multiline,
end_repeat,,,,,,,,,,
text,fu_notes,"Staff notes (do not write names, addresses or phone numbers here)",,,,string-length(.) <= 500,Keep notes under 500 characters.,,multiline,
end_group,,,,,,,,,,
