record_id,redcap_event_name,redcap_repeat_instrument,redcap_repeat_instance,scr_date,consent,dob,age,sex,education,household,conditions___1,conditions___2,conditions___3,conditions___4,conditions___5,conditions___6,bp_med,smoke_status,cig_per_day,active_days,fruit_veg,energy,sleep_trouble,sym_headache,sym_dizzy,sym_chest,sym_breath,sym_ankles,height_cm,weight_kg,bmi,scr_sbp,scr_dbp,bp_high,fu_agree,scr_notes,screening_complete,contact_phone,contact_time,contact_sms,contact_details_complete,fu_date,fu_attended,fu_missed_reason,fu_missed_other,fu_days,fu_sbp,fu_dbp,fu_bp_change,fu_weight,fu_bp_med,fu_med_days,fu_headache,fu_dizzy,fu_chest,fu_breath,fu_ankles,fu_health_event,fu_notes,follow_up_visit_complete,he_date,he_type,he_type_other,he_nights,he_heart,he_desc,health_event_complete
1,screening_arm_1,,,2026-02-19,Yes,1972-09-18,53,Female,No formal schooling,2,Unchecked,Checked,Checked,Unchecked,Checked,Unchecked,,"Yes, every day",73,1,20,7,Rarely,,Not at all,Most days,Most days,Not at all,173.0,55.6,18.6,107,99,1,Yes,,Complete,555-0154,Any time,Yes,Complete,,,,,,,,,,,,,,,,,,,,,,,,,,
1,visit_1_arm_1,,,,,,,,,,,,,,,,,,,,,,,,,,,,,,,,,,,,,,,,,2026-03-05,Yes,,,14,131,172,24,82.5,No,,Not at all,Some days,Not at all,Most days,Some days,No,,Complete,,,,,,,
1,visit_2_arm_1,,,,,,,,,,,,,,,,,,,,,,,,,,,,,,,,,,,,,,,,,2026-05-22,Yes,,,92,158,64,51,106.8,Yes,1,,Most days,Some days,Some days,Some days,Yes,Fake note for testing.,Complete,,,,,,,
1,visit_2_arm_1,health_event,1,,,,,,,,,,,,,,,,,,,,,,,,,,,,,,,,,,,,,,,,,,,,,,,,,,,,,,,,,,2026-05-14,Other,Fake answer 1,,No,,Complete
1,visit_3_arm_1,,,,,,,,,,,,,,,,,,,,,,,,,,,,,,,,,,,,,,,,,2026-08-19,No,Other,Fake answer 1,181,,,,,,,,,,,,,,Complete,,,,,,,
2,screening_arm_1,,,2026-02-26,Yes,1946-11-27,79,Female,Primary school,8,Checked,Unchecked,Checked,Checked,Checked,Unchecked,No,"No, but I used to",,2,16,83,Every night or almost every night,Not at all,Not at all,,Some days,Most days,156.4,57.9,23.7,146,148,1,Yes,Fake note for testing.,Complete,555-0178,Evening,No,Complete,,,,,,,,,,,,,,,,,,,,,,,,,,
2,visit_1_arm_1,,,,,,,,,,,,,,,,,,,,,,,,,,,,,,,,,,,,,,,,,2026-03-13,Yes,,,15,162,89,16,70.1,Yes,5,Most days,Most days,Not at all,Most days,Some days,No,Fake note for testing.,Complete,,,,,,,
2,visit_2_arm_1,,,,,,,,,,,,,,,,,,,,,,,,,,,,,,,,,,,,,,,,,2026-05-27,Yes,,,90,168,94,22,71.1,Yes,3,Most days,Some days,Not at all,Not at all,Some days,No,Fake note for testing.,Complete,,,,,,,
2,visit_3_arm_1,,,,,,,,,,,,,,,,,,,,,,,,,,,,,,,,,,,,,,,,,2026-08-25,No,Participant declined,,180,,,,,,,,,,,,,,Complete,,,,,,,
3,screening_arm_1,,,2026-03-01,Yes,1977-11-12,48,Female,Secondary school,3,Unchecked,Checked,Checked,Unchecked,Checked,Checked,,"No, never",,5,12,95,Rarely,Most days,Not at all,Some days,Most days,Most days,177.3,82.5,26.2,117,87,0,,Fake note for testing.,Complete,,,,Incomplete,,,,,,,,,,,,,,,,,,,,,,,,,,
4,screening_arm_1,,,2026-02-16,Yes,1989-03-12,36,Female,Primary school,11,Checked,Unchecked,Checked,Unchecked,Unchecked,Unchecked,Yes,"No, never",,2,16,56,Rarely,Most days,Most days,Not at all,Not at all,Most days,169.0,53.6,18.8,108,88,0,,,Complete,,,,Incomplete,,,,,,,,,,,,,,,,,,,,,,,,,,
5,screening_arm_1,,,2026-03-06,Yes,1962-03-25,63,Male,University degree,17,Unchecked,Unchecked,Unchecked,Unchecked,Checked,Unchecked,,"Yes, some days",58,2,12,9,Rarely,Not at all,Some days,Some days,Some days,Most days,185.0,61.4,17.9,155,92,1,Yes,,Complete,555-0145,Morning,Yes,Complete,,,,,,,,,,,,,,,,,,,,,,,,,,
5,visit_1_arm_1,,,,,,,,,,,,,,,,,,,,,,,,,,,,,,,,,,,,,,,,,2026-03-19,Yes,,,13,102,84,-53,88.2,No,,,Not at all,Not at all,Some days,Some days,No,,Complete,,,,,,,
5,visit_2_arm_1,,,,,,,,,,,,,,,,,,,,,,,,,,,,,,,,,,,,,,,,,2026-06-04,Yes,,,90,141,65,-14,98.4,Yes,1,Not at all,Not at all,,Some days,Some days,No,,Complete,,,,,,,
5,visit_3_arm_1,,,,,,,,,,,,,,,,,,,,,,,,,,,,,,,,,,,,,,,,,2026-09-03,Yes,,,181,114,70,-41,62.5,No,,Not at all,Not at all,Some days,,,No,Fake note for testing.,Complete,,,,,,,
6,screening_arm_1,,,2026-03-05,Yes,1986-02-18,40,Female,Trade or vocational qualification,18,Unchecked,Unchecked,Unchecked,Unchecked,Unchecked,Checked,,"Yes, some days",52,5,4,,Often,Some days,Some days,Not at all,Some days,,165.3,71.1,26,170,80,1,Yes,Fake note for testing.,Complete,555-0139,Evening,Yes,Complete,,,,,,,,,,,,,,,,,,,,,,,,,,
6,visit_1_arm_1,,,,,,,,,,,,,,,,,,,,,,,,,,,,,,,,,,,,,,,,,2026-03-19,Yes,,,14,125,75,-45,52.3,Yes,1,Some days,,Most days,Not at all,Most days,No,,Complete,,,,,,,
6,visit_2_arm_1,,,,,,,,,,,,,,,,,,,,,,,,,,,,,,,,,,,,,,,,,2026-06-03,Yes,,,90,118,62,-52,93.5,No,,Most days,Most days,Not at all,Most days,Not at all,Yes,,Complete,,,,,,,
6,visit_2_arm_1,health_event,1,,,,,,,,,,,,,,,,,,,,,,,,,,,,,,,,,,,,,,,,,,,,,,,,,,,,,,,,,,2026-05-30,Other,Fake answer 6,266,Yes,,Complete
6,visit_2_arm_1,health_event,2,,,,,,,,,,,,,,,,,,,,,,,,,,,,,,,,,,,,,,,,,,,,,,,,,,,,,,,,,,2026-05-26,Overnight hospital stay,,234,Yes,,Complete
6,visit_3_arm_1,,,,,,,,,,,,,,,,,,,,,,,,,,,,,,,,,,,,,,,,,2026-08-29,Yes,,,177,160,76,-10,101.1,Yes,3,Some days,Some days,Not at all,Not at all,Most days,No,,Complete,,,,,,,
7,screening_arm_1,,,2026-03-07,Yes,2007-01-23,19,Male,No formal schooling,16,Checked,Unchecked,Unchecked,Unchecked,Checked,Unchecked,No,"Yes, every day",61,0,2,57,Rarely,,Some days,Most days,Most days,Some days,166.6,61.2,22,162,103,1,Yes,,Complete,555-0118,Morning,No,Complete,,,,,,,,,,,,,,,,,,,,,,,,,,
7,visit_1_arm_1,,,,,,,,,,,,,,,,,,,,,,,,,,,,,,,,,,,,,,,,,2026-03-20,Yes,,,13,143,85,-19,105.7,No,,Some days,,Not at all,Some days,Not at all,No,,Complete,,,,,,,
7,visit_2_arm_1,,,,,,,,,,,,,,,,,,,,,,,,,,,,,,,,,,,,,,,,,2026-06-05,Yes,,,90,134,87,-28,63.0,Yes,6,Most days,Most days,Not at all,Most days,Some days,No,Fake note for testing.,Complete,,,,,,,
7,visit_3_arm_1,,,,,,,,,,,,,,,,,,,,,,,,,,,,,,,,,,,,,,,,,2026-09-06,Yes,,,183,160,86,-2,69.3,No,,Most days,Most days,Not at all,,Most days,Yes,Fake note for testing.,Complete,,,,,,,
7,visit_3_arm_1,health_event,1,,,,,,,,,,,,,,,,,,,,,,,,,,,,,,,,,,,,,,,,,,,,,,,,,,,,,,,,,,2026-08-23,Emergency department visit (no overnight stay),,,7,,Complete
7,visit_3_arm_1,health_event,2,,,,,,,,,,,,,,,,,,,,,,,,,,,,,,,,,,,,,,,,,,,,,,,,,,,,,,,,,,2026-09-03,New health condition diagnosed,,,Yes,Fake note for testing.,Complete
8,screening_arm_1,,,2026-03-23,Yes,1971-03-11,55,Female,Secondary school,16,Checked,Unchecked,Checked,Unchecked,Unchecked,Unchecked,No,"No, but I used to",,3,20,39,Never,Some days,Not at all,Most days,Not at all,Not at all,171.9,91.6,31,158,65,1,Yes,,Complete,555-0116,Evening,No,Complete,,,,,,,,,,,,,,,,,,,,,,,,,,
8,visit_1_arm_1,,,,,,,,,,,,,,,,,,,,,,,,,,,,,,,,,,,,,,,,,2026-04-05,Yes,,,13,155,104,-3,57.8,Yes,3,Most days,,Some days,Not at all,Not at all,Yes,,Complete,,,,,,,
8,visit_1_arm_1,health_event,1,,,,,,,,,,,,,,,,,,,,,,,,,,,,,,,,,,,,,,,,,,,,,,,,,,,,,,,,,,2026-04-03,Other,Fake answer 8,,No,,Complete
8,visit_1_arm_1,health_event,2,,,,,,,,,,,,,,,,,,,,,,,,,,,,,,,,,,,,,,,,,,,,,,,,,,,,,,,,,,2026-03-28,New health condition diagnosed,,,Yes,,Complete
8,visit_2_arm_1,,,,,,,,,,,,,,,,,,,,,,,,,,,,,,,,,,,,,,,,,2026-06-20,Yes,,,89,150,72,-8,,Yes,1,Some days,Some days,Some days,Most days,Some days,No,,Complete,,,,,,,
8,visit_3_arm_1,,,,,,,,,,,,,,,,,,,,,,,,,,,,,,,,,,,,,,,,,2026-09-17,Yes,,,178,150,63,-8,108.5,Yes,0,Some days,Most days,Not at all,Most days,Most days,No,Fake note for testing.,Complete,,,,,,,
9,screening_arm_1,,,2026-02-22,Yes,1992-12-16,33,Female,Secondary school,4,Unchecked,Unchecked,Unchecked,Unchecked,Unchecked,Checked,,"Yes, every day",7,7,17,24,Often,,Some days,,,,188.6,66.9,18.8,108,98,1,Yes,,Complete,555-0178,,No,Complete,,,,,,,,,,,,,,,,,,,,,,,,,,
9,visit_1_arm_1,,,,,,,,,,,,,,,,,,,,,,,,,,,,,,,,,,,,,,,,,2026-03-10,Yes,,,16,135,79,27,,No,,Not at all,,Some days,Some days,Not at all,No,,Complete,,,,,,,
9,visit_2_arm_1,,,,,,,,,,,,,,,,,,,,,,,,,,,,,,,,,,,,,,,,,2026-05-26,No,Participant declined,,93,,,,,,,,,,,,,,Complete,,,,,,,
9,visit_3_arm_1,,,,,,,,,,,,,,,,,,,,,,,,,,,,,,,,,,,,,,,,,2026-08-20,No,Other,Fake answer 9,179,,,,,,,,,,,,,,Complete,,,,,,,
10,screening_arm_1,,,2026-02-13,Yes,1993-10-09,32,Female,Trade or vocational qualification,11,Checked,Unchecked,Checked,Checked,Unchecked,Unchecked,Yes,"No, never",,2,13,86,Never,Some days,Most days,Not at all,Most days,Some days,191.7,81.4,22.2,129,101,1,Yes,,Complete,555-0104,Afternoon,No,Complete,,,,,,,,,,,,,,,,,,,,,,,,,,
10,visit_1_arm_1,,,,,,,,,,,,,,,,,,,,,,,,,,,,,,,,,,,,,,,,,2026-02-26,Yes,,,13,137,74,8,63.0,No,,Some days,Most days,Not at all,Most days,Some days,Yes,,Complete,,,,,,,
10,visit_1_arm_1,health_event,1,,,,,,,,,,,,,,,,,,,,,,,,,,,,,,,,,,,,,,,,,,,,,,,,,,,,,,,,,,2026-02-24,Emergency department visit (no overnight stay),,,No,,Complete
10,visit_1_arm_1,health_event,2,,,,,,,,,,,,,,,,,,,,,,,,,,,,,,,,,,,,,,,,,,,,,,,,,,,,,,,,,,2026-02-14,New health condition diagnosed,,,Yes,Fake note for testing.,Complete
10,visit_2_arm_1,,,,,,,,,,,,,,,,,,,,,,,,,,,,,,,,,,,,,,,,,2026-05-15,Yes,,,91,152,66,23,90.5,Yes,1,Some days,Some days,Most days,Some days,,No,Fake note for testing.,Complete,,,,,,,
10,visit_3_arm_1,,,,,,,,,,,,,,,,,,,,,,,,,,,,,,,,,,,,,,,,,2026-08-14,Yes,,,182,151,73,22,77.2,Yes,1,Some days,Not at all,,Some days,Some days,No,,Complete,,,,,,,
11,screening_arm_1,,,2026-02-22,Yes,1993-08-17,32,Female,Trade or vocational qualification,7,Unchecked,Unchecked,Checked,Unchecked,Unchecked,Unchecked,,"No, never",,1,19,20,Every night or almost every night,Some days,Some days,Some days,Most days,Most days,185.4,91.0,26.5,141,67,1,Yes,,Complete,555-0180,Evening,No,Complete,,,,,,,,,,,,,,,,,,,,,,,,,,
11,visit_1_arm_1,,,,,,,,,,,,,,,,,,,,,,,,,,,,,,,,,,,,,,,,,2026-03-09,Yes,,,15,147,88,6,62.4,Yes,7,Most days,Not at all,Not at all,Not at all,Most days,Yes,,Complete,,,,,,,
11,visit_1_arm_1,health_event,1,,,,,,,,,,,,,,,,,,,,,,,,,,,,,,,,,,,,,,,,,,,,,,,,,,,,,,,,,,2026-02-26,Overnight hospital stay,,28,No,,Complete
11,visit_2_arm_1,,,,,,,,,,,,,,,,,,,,,,,,,,,,,,,,,,,,,,,,,2026-05-27,Yes,,,94,108,99,-33,99.3,Yes,7,Not at all,Not at all,,Not at all,Some days,Yes,,Complete,,,,,,,
11,visit_2_arm_1,health_event,1,,,,,,,,,,,,,,,,,,,,,,,,,,,,,,,,,,,,,,,,,,,,,,,,,,,,,,,,,,2026-05-20,Emergency department visit (no overnight stay),,,Yes,,Complete
11,visit_2_arm_1,health_event,2,,,,,,,,,,,,,,,,,,,,,,,,,,,,,,,,,,,,,,,,,,,,,,,,,,,,,,,,,,2026-05-14,New health condition diagnosed,,,No,,Complete
11,visit_3_arm_1,,,,,,,,,,,,,,,,,,,,,,,,,,,,,,,,,,,,,,,,,2026-08-25,Yes,,,184,167,63,26,72.9,No,,Not at all,Some days,Some days,Some days,Not at all,Yes,Fake note for testing.,Complete,,,,,,,
11,visit_3_arm_1,health_event,1,,,,,,,,,,,,,,,,,,,,,,,,,,,,,,,,,,,,,,,,,,,,,,,,,,,,,,,,,,2026-08-15,New health condition diagnosed,,,No,Fake note for testing.,Complete
12,screening_arm_1,,,2026-03-17,Yes,1988-04-28,37,Male,Secondary school,5,Unchecked,Unchecked,Checked,Checked,Unchecked,Unchecked,,"No, but I used to",,3,9,26,Rarely,Not at all,Not at all,Some days,Not at all,,184.5,103.8,30.5,174,88,1,Yes,,Complete,555-0163,Morning,Yes,Complete,,,,,,,,,,,,,,,,,,,,,,,,,,
12,visit_1_arm_1,,,,,,,,,,,,,,,,,,,,,,,,,,,,,,,,,,,,,,,,,2026-03-31,Yes,,,14,130,70.5,-44,,No,,,Not at all,Most days,Most days,Some days,No,Fake note for testing.,Complete,,,,,,,
12,visit_2_arm_1,,,,,,,,,,,,,,,,,,,,,,,,,,,,,,,,,,,,,,,,,2026-06-20,Yes,,,95,168,60,-6,77.3,No,,Not at all,Not at all,Most days,Some days,Most days,No,,Complete,,,,,,,
12,visit_3_arm_1,,,,,,,,,,,,,,,,,,,,,,,,,,,,,,,,,,,,,,,,,2026-09-17,No,Participant declined,,184,,,,,,,,,,,,,,Complete,,,,,,,
13,screening_arm_1,,,2026-03-02,Yes,1992-12-07,33,Female,Primary school,11,Checked,Unchecked,Unchecked,Unchecked,Unchecked,Unchecked,No,"No, never",,7,0,55,Sometimes,Most days,,Not at all,Not at all,Not at all,151.3,60.0,26.2,105,104,1,Yes,,Complete,555-0175,Morning,No,Complete,,,,,,,,,,,,,,,,,,,,,,,,,,
13,visit_1_arm_1,,,,,,,,,,,,,,,,,,,,,,,,,,,,,,,,,,,,,,,,,2026-03-22,No,Could not contact participant,,20,,,,,,,,,,,,,,Complete,,,,,,,
13,visit_2_arm_1,,,,,,,,,,,,,,,,,,,,,,,,,,,,,,,,,,,,,,,,,2026-06-01,Yes,,,91,104,100,-1,95.6,No,,Most days,Some days,Some days,,Most days,No,Fake note for testing.,Complete,,,,,,,
13,visit_3_arm_1,,,,,,,,,,,,,,,,,,,,,,,,,,,,,,,,,,,,,,,,,2026-09-02,Yes,,,184,152,61,47,96.8,Yes,0,Not at all,Some days,,Not at all,,No,,Complete,,,,,,,
14,screening_arm_1,,,2026-03-26,Yes,1991-09-05,34,Male,University degree,6,Checked,Checked,Unchecked,Unchecked,Checked,Unchecked,No,"Yes, every day",42,5,12,95,Never,Some days,Some days,Some days,Most days,Some days,174.4,82.3,27.1,157,102,1,Yes,,Complete,555-0159,Afternoon,Yes,Complete,,,,,,,,,,,,,,,,,,,,,,,,,,
14,visit_1_arm_1,,,,,,,,,,,,,,,,,,,,,,,,,,,,,,,,,,,,,,,,,2026-04-06,Yes,,,11,130,92,-27,69.5,No,,Not at all,Most days,Some days,Most days,Most days,Yes,,Complete,,,,,,,
14,visit_1_arm_1,health_event,1,,,,,,,,,,,,,,,,,,,,,,,,,,,,,,,,,,,,,,,,,,,,,,,,,,,,,,,,,,2026-03-27,Other,Fake answer 14,,Yes,,Complete
14,visit_2_arm_1,,,,,,,,,,,,,,,,,,,,,,,,,,,,,,,,,,,,,,,,,2026-06-18,Yes,,,84,149,89,-8,,Yes,6,Most days,Some days,Most days,Most days,Some days,No,,Complete,,,,,,,
14,visit_3_arm_1,,,,,,,,,,,,,,,,,,,,,,,,,,,,,,,,,,,,,,,,,2026-09-21,No,Other,,179,,,,,,,,,,,,,Fake note for testing.,Complete,,,,,,,
15,screening_arm_1,,,2026-03-14,Yes,1950-08-24,75,Male,No formal schooling,8,Unchecked,Unchecked,Unchecked,Checked,Unchecked,Unchecked,,"No, never",,2,10,49,Never,,Not at all,Most days,Some days,Some days,171.9,75.8,25.7,158,73,1,No,,Complete,,,,Incomplete,,,,,,,,,,,,,,,,,,,,,,,,,,
16,screening_arm_1,,,2026-03-08,Yes,1997-03-15,28,Male,Secondary school,13,Checked,Checked,Unchecked,Unchecked,Unchecked,Unchecked,No,"No, but I used to",,6,16,50,Never,Some days,Not at all,Some days,Most days,Some days,164.9,101.3,37.3,134,105,1,Yes,,Complete,555-0154,Evening,Yes,Complete,,,,,,,,,,,,,,,,,,,,,,,,,,
16,visit_1_arm_1,,,,,,,,,,,,,,,,,,,,,,,,,,,,,,,,,,,,,,,,,2026-03-21,Yes,,,13,161,91,27,89.0,No,,Some days,,Not at all,Most days,,Yes,Fake note for testing.,Complete,,,,,,,
16,visit_1_arm_1,health_event,1,,,,,,,,,,,,,,,,,,,,,,,,,,,,,,,,,,,,,,,,,,,,,,,,,,,,,,,,,,2026-03-12,Emergency department visit (no overnight stay),,,Yes,Fake note for testing.,Complete
16,visit_1_arm_1,health_event,2,,,,,,,,,,,,,,,,,,,,,,,,,,,,,,,,,,,,,,,,,,,,,,,,,,,,,,,,,,2026-03-09,Emergency department visit (no overnight stay),,,Yes,,Complete
16,visit_2_arm_1,,,,,,,,,,,,,,,,,,,,,,,,,,,,,,,,,,,,,,,,,2026-06-05,Yes,,,89,111,102,-23,83.8,No,,Not at all,Some days,Not at all,Not at all,Some days,No,,Complete,,,,,,,
16,visit_3_arm_1,,,,,,,,,,,,,,,,,,,,,,,,,,,,,,,,,,,,,,,,,2026-09-01,Yes,,,177,121,94,-13,94.6,Yes,5,Most days,Some days,Not at all,Most days,,No,,Complete,,,,,,,
17,screening_arm_1,,,2026-03-31,Yes,1999-10-25,26,Male,Primary school,,Unchecked,Unchecked,Unchecked,Unchecked,Unchecked,Checked,,"Yes, some days",37,6,8,37,Often,Most days,Some days,Some days,Most days,Some days,180.4,103.4,31.8,169,96,1,Yes,,Complete,555-0100,,No,Complete,,,,,,,,,,,,,,,,,,,,,,,,,,
17,visit_1_arm_1,,,,,,,,,,,,,,,,,,,,,,,,,,,,,,,,,,,,,,,,,2026-04-15,Yes,,,15,107,92,-62,87.5,No,,Most days,Not at all,Not at all,Not at all,Most days,Yes,Fake note for testing.,Complete,,,,,,,
17,visit_1_arm_1,health_event,1,,,,,,,,,,,,,,,,,,,,,,,,,,,,,,,,,,,,,,,,,,,,,,,,,,,,,,,,,,2026-04-05,New health condition diagnosed,,,Yes,,Complete
17,visit_2_arm_1,,,,,,,,,,,,,,,,,,,,,,,,,,,,,,,,,,,,,,,,,2026-06-29,Yes,,,90,172,101,3,105.0,Yes,0,Some days,Some days,,Most days,Some days,No,,Complete,,,,,,,
17,visit_3_arm_1,,,,,,,,,,,,,,,,,,,,,,,,,,,,,,,,,,,,,,,,,2026-09-28,Yes,,,181,119,100,-50,,Yes,1,Not at all,Not at all,Some days,Not at all,Most days,No,Fake note for testing.,Complete,,,,,,,
18,screening_arm_1,,,2026-02-05,Yes,1951-09-14,74,Male,Secondary school,2,Unchecked,Checked,Checked,Unchecked,Unchecked,Unchecked,,"No, but I used to",,4,5,62,Every night or almost every night,Not at all,Some days,Some days,Some days,Most days,164.0,68.2,25.4,142,98,1,Yes,,Complete,555-0119,Any time,No,Complete,,,,,,,,,,,,,,,,,,,,,,,,,,
18,visit_1_arm_1,,,,,,,,,,,,,,,,,,,,,,,,,,,,,,,,,,,,,,,,,2026-02-18,Yes,,,13,148,98,6,65.6,Yes,0,Not at all,Not at all,Most days,Most days,Some days,No,,Complete,,,,,,,
18,visit_2_arm_1,,,,,,,,,,,,,,,,,,,,,,,,,,,,,,,,,,,,,,,,,2026-05-07,Yes,,,91,125,74,-17,55.3,Yes,3,Not at all,Not at all,Not at all,Some days,Some days,No,,Complete,,,,,,,
18,visit_3_arm_1,,,,,,,,,,,,,,,,,,,,,,,,,,,,,,,,,,,,,,,,,2026-08-03,Yes,,,179,123,104,-19,85.5,Yes,2,Some days,Most days,Some days,Most days,Not at all,No,Fake note for testing.,Complete,,,,,,,
19,screening_arm_1,,,2026-03-05,Yes,1957-04-16,68,Male,Trade or vocational qualification,20,Unchecked,Checked,Checked,Checked,Checked,Unchecked,,"Yes, every day",5,5,14,8,Never,Some days,Most days,Not at all,Most days,Some days,189.5,55.4,15.4,170,61,1,Yes,,Complete,555-0165,Any time,Yes,Complete,,,,,,,,,,,,,,,,,,,,,,,,,,
19,visit_1_arm_1,,,,,,,,,,,,,,,,,,,,,,,,,,,,,,,,,,,,,,,,,2026-03-16,Yes,,,11,100,72,-70,69.3,No,,Some days,Some days,Not at all,Not at all,Not at all,Yes,Fake note for testing.,Complete,,,,,,,
19,visit_1_arm_1,health_event,1,,,,,,,,,,,,,,,,,,,,,,,,,,,,,,,,,,,,,,,,,,,,,,,,,,,,,,,,,,2026-02-30,Emergency department visit (no overnight stay),,,Yes,Fake note for testing.,Complete
19,visit_2_arm_1,,,,,,,,,,,,,,,,,,,,,,,,,,,,,,,,,,,,,,,,,2026-06-02,Yes,,,89,109,88,-61,70.7,Yes,1,Not at all,Some days,Not at all,Not at all,,No,,Complete,,,,,,,
19,visit_3_arm_1,,,,,,,,,,,,,,,,,,,,,,,,,,,,,,,,,,,,,,,,,2026-09-03,Yes,,,182,162,66,-8,104.4,Yes,0,Not at all,Not at all,Some days,Not at all,Some days,No,,Complete,,,,,,,
20,screening_arm_1,,,2026-03-28,Yes,1981-11-26,44,Female,University degree,5,Unchecked,Unchecked,Unchecked,Checked,Unchecked,Unchecked,,"No, never",,3,5,23,Rarely,Not at all,Some days,Most days,Most days,Most days,180.8,75.7,23.2,107,93,1,Yes,,Complete,555-0181,Morning,Yes,Complete,,,,,,,,,,,,,,,,,,,,,,,,,,
20,visit_1_arm_1,,,,,,,,,,,,,,,,,,,,,,,,,,,,,,,,,,,,,,,,,2026-04-12,Yes,,,15,134,75,27,100.2,Yes,2,Not at all,Most days,,Some days,Most days,No,,Complete,,,,,,,
20,visit_2_arm_1,,,,,,,,,,,,,,,,,,,,,,,,,,,,,,,,,,,,,,,,,2026-06-27,Yes,,,91,163,88,56,82.8,No,,,Not at all,Most days,Not at all,Some days,Yes,,Complete,,,,,,,
20,visit_2_arm_1,health_event,1,,,,,,,,,,,,,,,,,,,,,,,,,,,,,,,,,,,,,,,,,,,,,,,,,,,,,,,,,,2026-06-10,Other,Fake answer 20,,Yes,Fake note for testing.,Complete
20,visit_2_arm_1,health_event,2,,,,,,,,,,,,,,,,,,,,,,,,,,,,,,,,,,,,,,,,,,,,,,,,,,,,,,,,,,2026-06-25,Other,Fake answer 20,,No,,Complete
20,visit_3_arm_1,,,,,,,,,,,,,,,,,,,,,,,,,,,,,,,,,,,,,,,,,2026-09-19,Yes,,,175,117,94,10,101.9,Yes,7,Not at all,Some days,Not at all,Some days,Some days,No,Fake note for testing.,Complete,,,,,,,
21,screening_arm_1,,,2026-03-12,Yes,1979-06-06,46,Female,Primary school,12,Checked,Unchecked,Unchecked,Unchecked,Unchecked,Unchecked,Yes,"Yes, every day",29,2,12,58,Never,,Most days,Not at all,Most days,,159.9,54.3,21.2,114,79,0,,,Complete,,,,Incomplete,,,,,,,,,,,,,,,,,,,,,,,,,,
22,screening_arm_1,,,2026-02-08,Yes,2002-09-10,23,Male,University degree,5,Unchecked,Unchecked,Unchecked,Unchecked,Unchecked,Checked,,"Yes, every day",70,4,19,28,Sometimes,Most days,Not at all,Most days,Some days,,164.8,102.0,37.6,130,80,0,,,Complete,,,,Incomplete,,,,,,,,,,,,,,,,,,,,,,,,,,
23,screening_arm_1,,,2026-03-03,Yes,1982-08-14,43,Female,No formal schooling,3,Unchecked,Unchecked,Unchecked,Unchecked,Unchecked,Checked,,"Yes, every day",67,3,4,85,Every night or almost every night,Most days,Some days,Most days,Not at all,,182.2,86.0,25.9,163,85,1,No,,Complete,,,,Incomplete,,,,,,,,,,,,,,,,,,,,,,,,,,
24,screening_arm_1,,,2026-03-02,Yes,1983-02-09,43,Female,Trade or vocational qualification,10,Unchecked,Checked,Unchecked,Unchecked,Unchecked,Unchecked,,"No, never",,6,5,18,Rarely,Some days,Not at all,Some days,Not at all,,173.7,80.8,26.8,168,79,1,Yes,Fake note for testing.,Complete,555-0166,Any time,Yes,Complete,,,,,,,,,,,,,,,,,,,,,,,,,,
24,visit_1_arm_1,,,,,,,,,,,,,,,,,,,,,,,,,,,,,,,,,,,,,,,,,2026-03-12,Yes,,,10,144,88,-24,91.2,No,,Some days,Not at all,Some days,Most days,Not at all,Yes,,Complete,,,,,,,
24,visit_1_arm_1,health_event,1,,,,,,,,,,,,,,,,,,,,,,,,,,,,,,,,,,,,,,,,,,,,,,,,,,,,,,,,,,2026-03-02,Overnight hospital stay,,336,No,Fake note for testing.,Complete
24,visit_2_arm_1,,,,,,,,,,,,,,,,,,,,,,,,,,,,,,,,,,,,,,,,,2026-05-29,No,Participant declined,,93,,,,,,,,,,,,,,Complete,,,,,,,
24,visit_3_arm_1,,,,,,,,,,,,,,,,,,,,,,,,,,,,,,,,,,,,,,,,,2026-08-29,Yes,,,180,164,72,-4,55.5,No,,Most days,Some days,,,Some days,No,,Complete,,,,,,,
