student_id,school_id,grade,female,low_income,tutoring,baseline_math,endline_math
S0001,1,6,0,1,1,36.9,37.9
S0002,1,6,1,0,0,48.8,40.1
S0003,1,8,1,0,0,55.3,49.1
S0004,1,7,1,1,1,52.4,50.5
S0005,1,7,0,0,1,45.1,47.8
S0006,1,6,1,1,0,42.4,46.0
S0007,1,6,0,1,1,26.3,26.2
S0008,1,8,0,0,0,50.9,47.3
S0009,1,8,0,1,0,49.1,44.7
S0010,1,7,1,1,1,53.1,52.1
S0011,1,7,1,0,1,56.4,
S0012,1,6,0,0,0,40.1,40.7
S0013,1,7,0,0,1,55.6,54.4
S0014,1,8,1,0,0,53.5,51.7
S0015,1,6,1,0,1,49.9,51.6
S0016,1,7,0,1,0,50.5,34.2
S0017,1,7,0,0,0,58.2,55.9
S0018,1,7,0,0,0,48.7,46.1
S0019,1,7,1,0,0,44.1,39.7
S0020,1,7,0,0,1,51.3,47.6
S0021,1,8,0,0,1,50.8,49.6
S0022,1,6,1,0,1,38.7,43.5
S0023,1,7,0,1,1,31.3,37.8
S0024,1,7,1,1,0,42.3,39.6
S0025,1,8,1,0,1,56.8,56.7
S0026,1,8,1,1,0,48.8,46.1
S0027,1,6,0,1,0,31.8,36.8
S0028,1,6,1,0,1,55.7,61.5
S0029,1,7,1,0,1,55.6,61.1
S0030,1,8,1,1,0,57.5,47.3
S0031,1,8,1,0,0,56.5,54.3
S0032,1,8,1,0,0,52.7,45.0
S0033,1,7,0,0,1,42.3,40.2
S0034,1,8,0,1,0,53.4,51.5
S0035,1,7,0,1,0,47.1,35.4
S0036,1,6,1,1,1,41.6,49.4
S0037,1,7,0,1,1,17.9,18.8
S0038,1,8,0,1,1,60.4,59.0
S0039,1,6,1,1,0,49.2,47.6
S0040,1,8,0,1,1,38.8,38.8
S0041,1,8,1,0,1,50.0,55.7
S0042,1,7,1,0,0,51.9,43.7
S0043,1,7,0,0,0,51.1,58.2
S0044,1,7,0,0,1,59.9,64.6
S0045,1,7,0,1,1,45.4,45.6
S0046,1,7,1,1,0,41.5,49.4
S0047,2,6,1,1,1,53.1,45.5
S0048,2,8,0,0,0,69.2,61.9
S0049,2,7,1,0,1,61.9,65.7
S0050,2,7,1,0,0,46.8,45.7
S0051,2,8,0,0,1,50.9,53.2
S0052,2,7,1,1,1,48.1,35.0
S0053,2,8,1,0,1,36.2,35.9
S0054,2,8,0,1,0,40.6,30.3
S0055,2,6,0,0,1,35.3,43.5
S0056,2,8,1,1,0,46.4,40.3
S0057,2,8,1,0,1,49.9,51.0
S0058,2,6,0,0,1,49.1,46.4
S0059,2,8,0,1,1,54.9,54.8
S0060,2,8,0,1,0,44.2,38.6
S0061,2,8,1,0,0,45.8,44.6
S0062,2,7,0,1,1,54.3,53.6
S0063,2,7,1,0,1,43.8,39.6
S0064,2,6,1,0,0,53.6,41.1
S0065,2,8,0,0,0,47.0,53.2
S0066,2,7,0,1,1,49.9,46.9
S0067,2,8,1,0,0,52.1,54.7
S0068,2,8,0,0,1,41.9,
S0069,2,8,0,0,0,41.8,35.4
S0070,2,6,1,1,1,46.9,41.1
S0071,2,7,1,1,0,28.1,38.3
S0072,2,6,1,1,1,42.1,53.0
S0073,2,6,0,1,0,32.5,22.4
S0074,2,6,0,0,0,42.4,48.7
S0075,2,7,1,1,0,34.9,
S0076,2,6,0,1,0,38.0,29.9
S0077,2,7,1,0,0,47.8,38.6
S0078,2,8,1,0,1,50.4,45.5
S0079,2,7,1,0,0,39.2,41.7
S0080,2,6,0,0,0,37.1,34.4
S0081,2,8,0,1,0,48.2,35.7
S0082,2,6,1,0,1,47.0,46.3
S0083,2,8,0,1,0,42.6,39.6
S0084,2,8,1,1,1,46.3,42.6
S0085,2,7,1,1,1,47.2,48.2
S0086,3,8,0,1,0,55.1,52.3
S0087,3,6,1,1,1,50.8,57.4
S0088,3,6,0,0,1,34.8,
S0089,3,8,1,1,1,46.1,41.8
S0090,3,6,0,1,0,40.1,38.8
S0091,3,6,0,1,1,51.7,61.5
S0092,3,6,0,0,0,44.7,44.0
S0093,3,8,1,0,1,57.3,66.1
S0094,3,8,0,1,1,49.8,54.4
S0095,3,6,0,1,1,39.6,31.9
S0096,3,6,1,1,0,54.8,50.3
S0097,3,6,1,1,0,39.2,42.6
S0098,3,7,0,1,0,56.8,49.3
S0099,3,7,0,0,1,53.1,55.3
S0100,3,8,1,1,1,55.6,50.1
S0101,3,8,1,1,1,50.3,51.8
S0102,3,7,0,0,0,49.3,42.0
S0103,3,8,0,0,1,53.6,58.6
S0104,3,7,1,0,0,61.1,58.0
S0105,3,8,1,1,0,62.5,61.2
S0106,3,7,1,0,1,57.6,62.4
S0107,3,6,0,0,1,53.5,58.4
S0108,3,7,0,1,0,45.6,39.9
S0109,3,8,1,1,1,61.6,72.0
S0110,3,6,0,1,0,41.0,40.1
S0111,3,6,1,0,1,48.6,48.7
S0112,3,6,1,1,0,45.3,54.7
S0113,3,7,1,1,0,61.5,57.1
S0114,3,7,0,1,0,47.8,38.9
S0115,3,8,1,1,0,56.3,57.3
S0116,3,6,0,0,1,50.6,61.2
S0117,3,6,0,1,1,28.0,27.1
S0118,3,6,0,0,1,35.4,43.5
S0119,3,7,0,0,0,33.9,32.8
S0120,3,7,0,0,0,66.8,61.9
S0121,3,8,0,1,0,55.5,48.0
S0122,4,7,1,1,1,61.2,48.5
S0123,4,8,1,0,1,40.7,38.5
S0124,4,8,1,0,0,32.1,
S0125,4,7,0,0,1,49.3,
S0126,4,6,0,1,1,24.6,18.2
S0127,4,6,0,1,0,43.5,
S0128,4,6,0,0,1,38.3,38.2
S0129,4,6,1,1,0,35.2,30.5
S0130,4,6,0,1,0,42.9,48.6
S0131,4,8,0,0,0,36.7,31.6
S0132,4,8,0,0,0,42.6,38.0
S0133,4,6,1,0,1,30.4,28.4
S0134,4,6,1,0,0,49.3,57.2
S0135,4,7,1,0,0,43.0,47.3
S0136,4,8,0,0,0,46.8,36.8
S0137,4,8,0,1,0,36.4,17.7
S0138,4,6,0,0,1,48.4,42.1
S0139,4,6,1,1,1,45.8,33.1
S0140,4,7,1,0,1,41.2,31.3
S0141,4,7,0,0,1,45.7,46.8
S0142,4,6,1,1,0,30.7,26.4
S0143,4,6,0,1,1,37.0,38.9
S0144,4,7,0,1,0,45.4,36.2
S0145,4,7,0,0,0,48.1,46.6
S0146,4,7,1,1,1,37.4,40.5
S0147,4,8,0,0,0,43.0,32.3
S0148,4,8,1,0,0,44.9,42.5
S0149,4,7,1,1,0,37.3,35.0
S0150,4,6,1,1,0,35.8,25.0
S0151,4,7,1,1,1,41.3,40.0
S0152,4,7,0,1,1,46.7,37.9
S0153,4,7,0,0,1,39.5,26.4
S0154,4,8,1,1,0,34.7,28.1
S0155,4,6,1,0,1,20.7,15.9
S0156,4,8,0,0,1,47.8,42.3
S0157,4,7,0,1,1,39.2,29.6
S0158,4,8,0,1,1,56.8,38.5
S0159,4,7,0,1,0,35.7,21.6
S0160,4,8,1,0,1,37.2,33.3
S0161,4,8,1,0,1,52.9,46.7
S0162,4,7,1,0,0,48.8,39.2
S0163,4,7,1,0,0,49.9,50.8
S0164,4,7,1,1,0,51.3,29.1
S0165,5,8,1,1,0,37.3,34.8
S0166,5,8,1,1,1,52.6,52.9
S0167,5,8,0,1,0,38.3,43.7
S0168,5,8,1,1,0,49.5,41.2
S0169,5,6,1,1,1,24.0,26.2
S0170,5,8,0,0,1,68.1,66.9
S0171,5,6,1,0,1,57.8,57.5
S0172,5,6,1,0,0,46.6,38.8
S0173,5,6,1,1,1,28.8,25.4
S0174,5,6,0,0,0,41.7,35.0
S0175,5,8,1,0,1,43.0,41.8
S0176,5,8,1,0,1,35.7,31.0
S0177,5,6,1,0,1,42.7,39.0
S0178,5,7,1,0,0,47.8,40.4
S0179,5,8,0,0,1,47.6,53.2
S0180,5,8,0,1,0,46.5,47.5
S0181,5,6,0,1,1,26.4,22.8
S0182,5,6,1,1,1,40.4,35.4
S0183,5,8,1,1,1,63.9,60.1
S0184,5,8,0,1,1,59.8,57.9
S0185,5,8,1,0,1,46.0,44.6
S0186,5,8,0,0,0,62.8,66.1
S0187,5,8,1,0,0,48.6,51.8
S0188,5,7,0,0,1,51.1,56.1
S0189,5,7,1,0,0,45.0,37.3
S0190,5,7,1,0,0,67.3,59.5
S0191,5,6,1,0,0,53.2,47.2
S0192,5,8,0,0,0,55.1,50.8
S0193,5,8,0,1,0,47.0,47.3
S0194,5,8,0,0,1,47.3,50.4
S0195,5,7,0,0,1,62.7,61.5
S0196,5,8,1,0,0,44.5,50.1
S0197,5,8,0,0,1,50.3,50.4
S0198,5,7,1,1,1,29.8,32.9
S0199,5,6,0,1,1,49.0,37.8
S0200,5,6,0,1,1,18.8,17.1
S0201,5,6,0,0,0,33.4,41.5
S0202,5,7,0,1,0,53.0,64.3
S0203,5,6,1,0,0,58.1,46.9
S0204,5,7,0,1,0,48.6,39.8
S0205,5,8,1,0,0,40.7,36.6
S0206,5,8,0,0,0,55.8,64.0
S0207,6,8,0,0,0,65.3,69.7
S0208,6,7,1,1,1,43.2,29.9
S0209,6,7,0,0,0,66.9,73.2
S0210,6,7,1,1,0,29.8,20.9
S0211,6,8,0,0,0,74.0,77.5
S0212,6,6,1,1,1,54.8,47.5
S0213,6,8,1,0,1,49.9,53.6
S0214,6,6,1,1,1,67.9,68.9
S0215,6,7,0,0,1,50.6,57.3
S0216,6,6,0,1,0,43.0,31.6
S0217,6,7,1,0,1,54.6,58.9
S0218,6,7,1,0,1,69.0,73.6
S0219,6,7,1,1,1,43.7,28.8
S0220,6,8,0,0,0,54.7,54.0
S0221,6,6,1,0,0,61.4,59.9
S0222,6,8,0,0,0,45.4,53.4
S0223,6,6,0,0,0,47.5,44.1
S0224,6,8,0,0,1,48.5,52.3
S0225,6,8,1,1,1,52.3,51.8
S0226,6,7,0,1,1,40.6,40.1
S0227,6,6,1,0,0,39.7,50.8
S0228,6,8,1,0,0,54.4,57.8
S0229,6,6,1,1,1,50.4,55.8
S0230,6,8,1,1,0,46.4,41.4
S0231,6,6,0,1,0,64.9,67.6
S0232,6,6,0,1,0,50.4,37.9
S0233,6,8,1,0,1,60.1,60.2
S0234,6,7,0,0,1,51.8,50.9
S0235,6,7,0,0,0,61.7,51.6
S0236,6,6,1,1,1,36.8,36.8
S0237,6,6,1,0,0,51.7,60.7
S0238,6,8,0,0,1,65.4,65.0
S0239,6,7,1,1,1,49.7,43.6
S0240,6,7,1,1,0,43.5,42.8
S0241,7,8,0,0,1,58.3,65.3
S0242,7,7,0,1,0,41.4,35.2
S0243,7,7,0,0,1,46.6,49.6
S0244,7,7,1,1,0,41.1,
S0245,7,8,1,0,0,66.5,60.5
S0246,7,6,1,1,0,65.9,59.1
S0247,7,6,0,0,1,52.0,65.8
S0248,7,8,1,1,0,39.3,38.2
S0249,7,8,0,1,0,48.8,44.0
S0250,7,6,0,1,0,37.9,39.1
S0251,7,7,0,0,1,52.8,61.2
S0252,7,6,1,0,1,57.3,49.6
S0253,7,6,1,1,1,41.6,44.1
S0254,7,6,1,1,1,42.6,37.4
S0255,7,8,0,0,0,61.4,52.8
S0256,7,8,1,1,1,63.4,59.2
S0257,7,8,0,1,0,61.8,58.4
S0258,7,6,0,1,0,47.8,46.3
S0259,7,6,0,1,1,52.1,54.1
S0260,7,6,1,1,1,39.4,42.2
S0261,7,7,0,0,0,36.7,42.0
S0262,7,8,0,0,0,76.5,66.7
S0263,7,8,1,1,1,67.8,61.6
S0264,7,8,1,0,1,66.7,61.1
S0265,7,6,0,1,0,40.2,
S0266,7,8,0,1,0,56.7,46.0
S0267,7,8,0,0,0,65.4,63.1
S0268,7,8,1,0,1,57.3,65.2
S0269,7,8,1,1,1,56.4,62.3
S0270,7,8,1,0,0,36.8,44.5
S0271,7,6,0,0,1,39.9,41.0
S0272,7,6,1,1,1,36.7,
S0273,7,8,1,1,1,54.5,55.7
S0274,7,8,1,0,0,66.4,58.9
S0275,7,6,0,1,1,66.5,66.4
S0276,7,7,1,0,1,64.1,60.7
S0277,7,7,1,0,0,58.4,44.4
S0278,7,7,1,0,1,42.2,49.1
S0279,7,7,0,1,0,52.5,
S0280,7,7,1,1,0,46.6,38.7
S0281,8,8,1,0,0,48.3,48.6
S0282,8,8,0,1,0,49.5,39.8
S0283,8,8,0,1,1,48.8,54.7
S0284,8,7,0,1,1,60.5,60.5
S0285,8,7,0,0,1,50.0,52.0
S0286,8,8,1,0,0,69.5,69.4
S0287,8,6,1,1,0,50.2,50.7
S0288,8,8,1,1,1,59.7,53.5
S0289,8,7,1,1,1,61.8,54.6
S0290,8,6,0,0,0,48.4,44.2
S0291,8,6,0,0,1,34.1,38.2
S0292,8,7,0,1,1,41.1,47.5
S0293,8,8,1,1,0,39.5,43.3
S0294,8,6,1,0,0,41.7,38.4
S0295,8,8,0,0,1,51.8,50.9
S0296,8,7,1,1,1,58.7,54.6
S0297,8,6,1,0,0,51.9,46.8
S0298,8,7,0,0,1,60.9,64.5
S0299,8,8,1,1,0,42.0,43.3
S0300,8,7,1,0,0,48.4,49.5
S0301,8,7,1,0,0,53.0,47.4
S0302,8,8,1,1,1,46.4,52.1
S0303,8,7,0,0,1,56.7,51.3
S0304,8,6,1,0,1,42.1,51.9
S0305,8,7,1,1,0,48.8,47.6
S0306,8,7,0,1,0,40.2,31.7
S0307,8,7,1,1,1,51.9,50.0
S0308,8,8,1,0,1,48.1,46.6
S0309,8,6,0,1,1,55.2,60.1
S0310,8,7,0,0,0,71.2,
S0311,8,6,0,1,0,60.6,53.2
S0312,8,7,0,1,1,51.0,41.3
S0313,8,6,1,1,0,35.0,47.2
S0314,8,6,0,0,1,41.1,51.0
S0315,8,6,0,1,1,50.5,63.3
S0316,8,6,0,0,1,58.7,72.4
S0317,8,6,0,0,0,68.7,63.6
S0318,8,6,1,1,0,56.9,57.6
S0319,8,8,0,1,0,44.0,37.7
S0320,8,7,1,0,0,53.7,48.7
S0321,8,7,0,0,0,63.4,57.8
S0322,9,8,0,0,1,55.6,63.3
S0323,9,8,1,0,0,60.3,67.3
S0324,9,7,1,1,1,32.0,42.9
S0325,9,6,1,0,0,46.6,42.4
S0326,9,8,0,1,1,49.8,45.7
S0327,9,7,0,0,1,51.5,44.4
S0328,9,8,0,1,1,57.7,54.8
S0329,9,7,1,1,0,42.2,41.6
S0330,9,6,0,0,0,47.0,41.6
S0331,9,8,0,0,1,43.4,48.8
S0332,9,7,0,1,1,39.1,39.2
S0333,9,6,0,1,1,49.5,51.7
S0334,9,8,1,1,0,55.8,57.0
S0335,9,7,0,0,0,62.2,
S0336,9,7,0,0,1,47.8,55.5
S0337,9,8,0,1,0,52.9,45.7
S0338,9,8,1,0,0,48.8,55.6
S0339,9,8,0,1,0,61.6,52.0
S0340,9,8,1,0,0,62.8,
S0341,9,8,1,1,1,53.0,51.8
S0342,9,6,0,1,1,63.7,65.7
S0343,9,8,0,0,0,46.3,40.0
S0344,9,6,1,1,1,43.7,51.3
S0345,9,7,1,0,0,47.0,44.5
S0346,9,8,0,0,0,52.5,48.7
S0347,9,6,0,1,1,47.7,41.1
S0348,9,8,0,0,1,49.4,57.9
S0349,9,8,0,1,1,53.8,54.4
S0350,9,6,0,1,1,48.1,49.1
S0351,9,6,0,0,0,46.5,45.0
S0352,9,8,0,1,0,62.7,58.3
S0353,9,6,1,1,0,50.2,53.1
S0354,9,8,0,1,1,49.5,48.0
S0355,9,7,0,0,0,74.2,72.0
S0356,10,6,1,0,0,30.6,29.6
S0357,10,8,0,1,0,39.8,39.6
S0358,10,6,1,1,1,44.7,40.0
S0359,10,8,1,0,0,37.8,38.8
S0360,10,6,0,0,0,34.0,23.9
S0361,10,6,0,0,1,44.1,37.7
S0362,10,6,1,0,0,31.6,30.4
S0363,10,8,0,0,0,40.4,39.8
S0364,10,7,1,0,1,21.2,24.0
S0365,10,7,1,0,1,42.4,42.2
S0366,10,6,0,0,0,48.3,55.1
S0367,10,8,1,0,0,62.3,62.0
S0368,10,6,1,1,1,39.1,32.3
S0369,10,8,0,1,0,43.4,27.5
S0370,10,7,1,0,1,61.2,49.9
S0371,10,7,0,1,1,33.9,28.5
S0372,10,7,1,0,0,34.9,35.7
S0373,10,6,0,1,0,20.3,13.3
S0374,10,6,0,1,1,36.8,34.7
S0375,10,6,0,1,0,41.3,42.5
S0376,10,6,1,1,1,46.5,48.9
S0377,10,6,0,0,1,41.1,27.3
S0378,10,7,1,1,0,32.4,41.2
S0379,10,6,0,1,1,33.8,43.5
S0380,10,6,0,1,1,33.6,19.0
S0381,10,8,0,0,1,42.2,54.8
S0382,10,6,1,0,1,36.0,40.0
S0383,10,6,0,0,1,35.9,37.3
S0384,10,8,1,0,0,48.0,50.1
S0385,10,7,1,1,0,42.4,31.5
S0386,10,8,0,0,1,48.4,41.3
S0387,10,7,0,0,0,50.8,
S0388,10,6,1,0,1,34.6,31.9
S0389,10,7,1,1,0,38.0,43.0
S0390,10,7,1,1,1,62.1,57.9
S0391,10,6,0,1,0,10.4,15.5
S0392,10,8,1,1,0,42.9,43.2
S0393,10,6,1,0,1,29.3,32.3
S0394,10,7,1,0,0,30.2,21.6
S0395,11,6,1,1,0,36.3,26.3
S0396,11,7,0,0,0,67.2,64.3
S0397,11,8,1,1,1,63.2,63.7
S0398,11,6,1,0,1,53.8,57.2
S0399,11,8,0,1,1,39.4,43.1
S0400,11,7,0,0,0,59.5,59.8
S0401,11,7,0,1,1,51.8,48.8
S0402,11,7,1,0,0,57.4,49.3
S0403,11,7,1,1,0,41.0,37.9
S0404,11,8,1,1,1,50.4,56.0
S0405,11,8,1,1,1,70.4,
S0406,11,8,0,1,1,42.9,47.5
S0407,11,6,1,0,0,50.5,45.7
S0408,11,7,0,0,1,45.6,58.8
S0409,11,6,1,0,1,49.3,54.4
S0410,11,7,1,0,1,54.3,58.2
S0411,11,7,1,1,1,37.7,28.8
S0412,11,6,1,0,0,43.1,51.9
S0413,11,8,0,0,1,54.3,50.5
S0414,11,8,1,0,0,57.1,57.7
S0415,11,6,1,1,0,39.2,31.9
S0416,11,7,0,1,1,46.0,46.3
S0417,11,8,1,1,0,50.3,58.4
S0418,11,6,1,0,1,40.5,55.0
S0419,11,6,0,1,0,44.4,40.6
S0420,11,7,0,0,1,57.2,63.2
S0421,11,8,0,1,0,38.7,38.1
S0422,11,7,1,1,0,42.7,36.3
S0423,11,6,0,1,0,43.4,47.0
S0424,11,6,1,0,0,37.5,22.2
S0425,11,7,1,0,0,49.6,43.8
S0426,11,6,0,1,1,68.0,69.3
S0427,11,8,1,0,0,47.3,41.6
S0428,11,6,0,1,1,33.3,34.5
S0429,11,8,0,1,0,52.2,48.3
S0430,11,8,1,1,0,51.7,52.9
S0431,11,8,1,0,1,57.0,55.5
S0432,11,6,1,1,0,59.3,56.3
S0433,11,8,0,0,1,58.7,51.5
S0434,11,7,1,1,0,53.0,44.4
S0435,11,8,0,1,1,65.8,64.7
S0436,11,7,0,1,1,42.7,
S0437,11,7,1,1,0,40.2,43.0
S0438,12,6,1,0,0,62.0,61.0
S0439,12,7,1,1,1,57.4,64.0
S0440,12,7,1,1,1,55.7,56.8
S0441,12,8,1,0,1,71.5,73.7
S0442,12,6,0,1,0,45.1,33.1
S0443,12,7,1,0,1,62.8,64.0
S0444,12,8,0,0,0,62.0,63.0
S0445,12,6,0,1,1,50.5,51.0
S0446,12,7,1,0,1,60.8,68.6
S0447,12,6,1,0,0,55.5,47.2
S0448,12,8,1,0,0,44.8,48.2
S0449,12,8,0,0,1,40.3,43.1
S0450,12,8,1,1,1,52.8,45.8
S0451,12,7,1,0,1,58.7,64.6
S0452,12,7,1,0,0,46.0,44.0
S0453,12,8,0,1,0,63.6,61.2
S0454,12,6,0,1,0,36.7,36.0
S0455,12,7,1,0,0,33.4,42.2
S0456,12,8,0,0,1,75.7,67.9
S0457,12,8,1,1,0,61.1,
S0458,12,6,1,0,1,51.9,48.2
S0459,12,7,0,0,0,49.5,
S0460,12,7,1,1,1,52.6,66.5
S0461,12,7,0,1,0,39.9,53.5
S0462,12,8,0,0,1,63.5,68.5
S0463,12,8,0,1,0,67.4,68.8
S0464,12,6,1,1,0,45.8,40.2
S0465,12,7,1,0,1,74.9,74.3
S0466,12,7,1,0,1,30.8,36.3
S0467,12,6,1,0,0,40.8,54.6
S0468,12,6,1,0,1,50.1,57.8
S0469,12,6,0,0,0,58.6,64.0
S0470,12,8,0,1,1,67.4,70.7
S0471,12,7,0,0,0,53.2,49.1
S0472,12,6,1,0,1,46.7,55.1
S0473,12,7,1,1,0,42.2,50.7
S0474,12,7,0,0,1,64.2,63.8
S0475,12,6,0,0,0,52.4,58.6
S0476,12,7,0,1,1,49.9,55.0
S0477,12,8,1,0,0,46.5,42.0
S0478,12,7,0,0,1,64.0,73.0
S0479,12,7,1,1,0,43.3,46.7
S0480,13,6,0,1,0,37.9,46.8
S0481,13,8,0,0,0,52.9,60.2
S0482,13,8,1,1,1,71.2,74.7
S0483,13,7,1,0,1,60.9,74.2
S0484,13,7,1,1,1,44.5,48.9
S0485,13,8,1,1,0,62.8,62.2
S0486,13,7,1,0,0,48.2,50.2
S0487,13,8,1,1,0,51.0,45.8
S0488,13,6,1,1,1,49.6,55.3
S0489,13,6,1,1,1,60.2,58.9
S0490,13,6,1,1,1,46.8,55.0
S0491,13,7,0,0,0,57.4,57.3
S0492,13,7,0,1,0,65.1,71.3
S0493,13,6,1,1,1,51.0,63.2
S0494,13,8,0,0,0,60.2,
S0495,13,7,1,0,0,48.7,57.9
S0496,13,7,0,0,0,51.7,61.6
S0497,13,6,1,0,1,48.0,46.0
S0498,13,7,0,0,0,72.0,64.4
S0499,13,8,0,0,1,65.7,77.8
S0500,13,7,1,0,0,63.7,
S0501,13,6,1,0,0,53.7,55.0
S0502,13,7,1,1,1,55.5,57.3
S0503,13,6,0,1,1,44.5,41.5
S0504,13,8,0,0,1,61.2,62.9
S0505,13,8,1,1,0,47.2,47.4
S0506,13,6,0,0,1,76.5,
S0507,13,8,0,0,1,64.6,67.1
S0508,13,8,1,0,0,70.0,71.3
S0509,13,7,0,0,0,54.3,55.7
S0510,13,8,0,1,0,60.5,57.5
S0511,13,6,0,1,0,52.0,45.7
S0512,13,8,0,1,1,66.7,66.7
S0513,13,7,1,0,1,59.6,63.1
S0514,13,8,0,0,1,71.8,60.7
S0515,13,7,1,0,1,46.3,52.0
S0516,13,8,1,1,0,55.2,60.4
S0517,13,6,0,0,1,72.0,74.9
S0518,13,6,0,1,1,40.9,39.3
S0519,13,6,0,1,0,54.1,57.7
S0520,13,8,1,0,0,52.6,44.6
S0521,13,6,0,1,1,64.0,63.2
S0522,14,6,1,1,1,45.2,50.7
S0523,14,8,1,1,1,59.6,56.2
S0524,14,6,1,1,1,28.2,18.7
S0525,14,7,0,1,1,53.8,47.9
S0526,14,6,0,1,1,22.8,19.3
S0527,14,8,0,0,0,54.7,46.9
S0528,14,8,0,0,0,42.6,40.5
S0529,14,6,0,0,0,42.2,38.0
S0530,14,7,1,1,1,25.0,28.8
S0531,14,6,1,1,0,48.4,35.2
S0532,14,8,1,1,1,46.2,38.0
S0533,14,6,1,0,1,56.7,61.9
S0534,14,6,0,1,1,47.0,49.5
S0535,14,8,1,1,1,39.8,40.4
S0536,14,6,0,0,1,43.2,44.5
S0537,14,8,0,0,1,51.0,51.0
S0538,14,6,0,0,0,34.2,31.3
S0539,14,7,0,1,0,53.4,46.3
S0540,14,7,1,0,0,55.1,55.7
S0541,14,6,1,1,0,47.5,46.3
S0542,14,8,0,1,0,39.0,41.9
S0543,14,7,0,1,1,34.3,34.4
S0544,14,6,1,1,0,38.1,54.5
S0545,14,7,0,0,0,52.2,53.2
S0546,14,6,0,1,0,38.9,26.9
S0547,14,8,0,1,0,48.0,44.3
S0548,14,7,0,1,0,21.7,19.2
S0549,14,6,1,0,0,46.7,39.3
S0550,14,6,0,1,1,31.6,38.7
S0551,14,7,1,1,0,51.5,47.0
S0552,14,6,1,0,0,54.1,57.4
S0553,14,8,1,0,1,59.0,
S0554,14,6,1,0,0,51.4,56.9
S0555,14,6,1,1,1,60.2,57.2
S0556,14,8,1,1,1,61.5,56.4
S0557,15,8,1,0,0,55.0,44.0
S0558,15,6,0,0,1,42.9,46.2
S0559,15,6,1,1,0,30.4,30.5
S0560,15,6,0,1,1,38.5,41.7
S0561,15,8,1,1,1,33.0,34.5
S0562,15,7,1,0,1,29.4,27.2
S0563,15,6,1,1,1,15.9,18.7
S0564,15,8,1,0,1,37.7,36.9
S0565,15,7,1,0,1,52.6,37.7
S0566,15,8,0,0,0,56.9,48.0
S0567,15,6,0,0,1,43.5,42.8
S0568,15,6,1,0,1,30.0,27.9
S0569,15,7,0,1,1,41.8,40.6
S0570,15,6,0,1,0,30.9,26.3
S0571,15,6,1,1,1,42.7,36.9
S0572,15,8,1,0,0,41.9,27.8
S0573,15,6,1,1,0,47.5,47.4
S0574,15,6,0,1,1,40.7,45.9
S0575,15,7,1,1,0,40.9,35.8
S0576,15,6,1,1,0,31.9,25.1
S0577,15,7,0,0,0,45.1,43.5
S0578,15,8,0,0,0,48.6,
S0579,15,8,0,1,1,38.1,34.4
S0580,15,6,0,0,0,41.1,26.5
S0581,15,7,1,1,1,45.9,42.7
S0582,15,6,1,1,0,45.1,33.2
S0583,15,6,0,0,0,50.9,43.9
S0584,15,6,1,0,1,52.6,51.9
S0585,15,6,1,1,1,35.7,37.4
S0586,15,7,1,1,0,46.6,48.0
S0587,15,8,0,1,1,38.1,45.3
S0588,15,6,1,1,0,37.4,39.9
S0589,15,7,1,0,0,60.2,46.5
S0590,15,7,0,1,0,45.4,40.6
S0591,15,6,1,1,0,34.8,31.4
S0592,15,6,0,0,1,38.3,40.4
S0593,15,7,1,0,1,27.5,30.6
S0594,15,6,0,1,0,44.6,34.2
S0595,15,8,1,1,0,35.2,31.9
S0596,16,8,0,0,1,38.7,35.5
S0597,16,7,1,1,0,60.7,57.2
S0598,16,6,1,0,1,65.3,71.8
S0599,16,7,1,0,1,47.2,55.3
S0600,16,6,0,0,0,43.0,41.4
S0601,16,8,1,1,1,51.2,47.0
S0602,16,8,0,1,0,53.2,56.8
S0603,16,6,1,0,1,49.5,56.4
S0604,16,8,1,1,1,43.4,44.2
S0605,16,7,0,1,0,47.9,49.2
S0606,16,8,1,1,0,45.0,
S0607,16,7,0,0,1,51.0,55.6
S0608,16,8,1,1,1,52.5,46.8
S0609,16,8,0,0,1,56.7,56.7
S0610,16,6,0,1,1,41.8,37.2
S0611,16,7,0,0,0,51.7,48.3
S0612,16,7,1,1,0,39.3,39.8
S0613,16,7,0,0,0,54.7,59.1
S0614,16,7,1,1,0,52.6,54.5
S0615,16,7,1,1,1,46.8,43.0
S0616,16,7,0,1,0,58.3,63.1
S0617,16,6,0,1,1,41.1,41.6
S0618,16,8,1,1,0,58.0,58.4
S0619,16,7,1,1,0,56.3,69.0
S0620,16,6,1,0,0,40.4,39.3
S0621,16,7,1,0,0,67.4,69.1
S0622,16,8,1,0,1,59.8,
S0623,16,8,1,0,0,57.8,51.3
S0624,16,7,1,1,1,58.4,57.1
S0625,16,6,1,0,1,54.5,60.2
S0626,16,8,0,0,1,64.5,
S0627,16,7,0,1,1,33.0,36.2
S0628,16,7,0,0,0,60.6,61.1
S0629,16,8,1,1,0,53.1,42.4
S0630,16,6,0,0,1,32.0,25.5
S0631,16,7,1,0,0,53.1,56.7
S0632,16,7,0,0,0,32.5,33.4
S0633,17,7,1,0,1,50.5,42.8
S0634,17,7,1,0,1,51.4,47.9
S0635,17,8,0,0,1,31.6,22.8
S0636,17,7,0,0,1,46.4,46.1
S0637,17,7,1,0,1,27.0,27.0
S0638,17,8,0,0,1,45.3,51.2
S0639,17,7,1,1,0,25.0,12.5
S0640,17,8,1,0,0,53.8,44.8
S0641,17,6,0,0,0,33.7,37.2
S0642,17,6,0,1,1,36.6,40.7
S0643,17,7,0,1,0,34.3,32.6
S0644,17,7,1,1,0,36.8,
S0645,17,6,0,0,1,43.9,50.8
S0646,17,7,1,1,1,49.0,45.0
S0647,17,6,1,0,1,38.1,41.3
S0648,17,7,0,0,1,52.7,47.7
S0649,17,7,1,1,0,38.0,31.3
S0650,17,8,0,0,0,51.0,49.7
S0651,17,6,0,1,0,35.5,34.1
S0652,17,6,0,0,1,42.8,41.3
S0653,17,6,1,1,1,49.2,44.1
S0654,17,6,0,1,1,54.7,59.5
S0655,17,7,1,1,0,42.8,39.6
S0656,17,7,0,1,0,55.1,50.5
S0657,17,7,1,1,1,47.3,47.1
S0658,17,6,1,0,0,30.6,24.3
S0659,17,8,0,1,1,43.6,40.9
S0660,17,6,1,0,0,52.2,54.9
S0661,17,7,1,1,0,32.2,31.7
S0662,17,6,0,1,0,31.4,29.9
S0663,17,6,1,1,0,38.0,36.2
S0664,17,8,0,1,0,41.0,43.0
S0665,17,8,1,0,0,51.2,51.4
S0666,17,7,0,1,1,49.0,
S0667,17,8,1,1,1,37.9,36.6
S0668,17,8,1,0,0,31.8,28.5
S0669,17,8,1,1,1,49.9,43.0
S0670,17,6,1,0,0,44.8,34.5
S0671,17,6,1,0,0,35.5,33.7
S0672,17,7,0,0,1,45.3,46.9
S0673,17,7,0,1,0,55.4,48.1
S0674,18,8,1,0,1,51.5,64.6
S0675,18,7,0,0,0,36.4,39.0
S0676,18,7,0,1,1,29.3,32.9
S0677,18,8,0,0,0,52.4,
S0678,18,6,0,1,1,23.4,26.6
S0679,18,6,0,0,0,49.3,51.9
S0680,18,7,1,0,0,60.0,55.5
S0681,18,8,0,1,0,39.4,33.8
S0682,18,6,0,0,1,63.7,59.5
S0683,18,7,0,0,1,55.6,51.1
S0684,18,8,1,1,0,59.5,50.8
S0685,18,8,0,0,1,44.6,44.5
S0686,18,7,0,0,1,44.9,40.5
S0687,18,6,0,0,0,46.4,
S0688,18,6,1,1,0,46.3,37.1
S0689,18,6,1,1,1,26.1,15.3
S0690,18,6,1,0,1,41.4,46.5
S0691,18,7,0,1,1,48.5,49.9
S0692,18,7,1,1,0,26.4,21.3
S0693,18,7,0,1,0,58.7,45.5
S0694,18,6,1,0,0,49.8,44.4
S0695,18,8,1,1,0,31.0,24.9
S0696,18,6,0,1,0,29.9,16.4
S0697,18,6,0,0,1,52.2,48.0
S0698,18,7,1,0,1,52.1,58.2
S0699,18,7,1,0,1,44.9,44.9
S0700,18,6,0,1,1,57.0,43.8
S0701,18,8,1,1,1,58.7,58.2
S0702,18,6,1,0,0,42.8,37.3
S0703,18,6,0,1,1,39.9,43.0
S0704,18,6,0,1,1,54.0,55.6
S0705,18,6,1,0,0,40.7,43.1
S0706,18,6,1,1,0,39.5,42.5
S0707,18,8,1,1,0,46.9,36.2
S0708,19,8,1,1,0,42.5,
S0709,19,8,0,1,0,51.3,38.6
S0710,19,7,0,0,0,34.2,28.0
S0711,19,8,1,0,1,39.1,44.1
S0712,19,7,0,1,0,51.0,43.6
S0713,19,7,0,1,0,35.8,23.6
S0714,19,7,0,1,0,32.4,25.7
S0715,19,6,0,1,0,27.8,27.7
S0716,19,7,0,1,1,38.7,33.7
S0717,19,7,0,0,1,41.0,
S0718,19,8,0,0,0,34.9,38.7
S0719,19,8,1,0,0,60.1,52.1
S0720,19,6,1,1,1,30.9,28.8
S0721,19,6,1,1,1,22.7,
S0722,19,6,1,0,0,43.7,46.7
S0723,19,7,1,1,1,46.0,51.1
S0724,19,6,0,0,1,49.3,51.9
S0725,19,8,1,0,1,38.0,37.0
S0726,19,7,0,0,0,57.0,56.2
S0727,19,8,0,1,1,37.5,32.9
S0728,19,6,1,0,0,21.7,19.9
S0729,19,8,0,1,1,58.8,50.2
S0730,19,8,0,0,1,26.7,23.3
S0731,19,6,1,0,1,39.3,52.5
S0732,19,6,1,1,1,45.2,46.5
S0733,19,7,1,0,0,43.3,38.9
S0734,19,7,0,0,1,62.7,63.5
S0735,19,6,1,0,1,54.4,66.7
S0736,19,6,0,0,1,30.9,32.2
S0737,19,6,0,1,0,35.8,40.7
S0738,19,6,0,0,0,42.1,36.8
S0739,19,6,1,0,0,54.6,53.6
S0740,19,6,1,1,0,65.9,56.7
S0741,19,8,1,1,1,43.5,44.3
S0742,19,7,1,0,0,54.2,54.3
S0743,19,7,1,0,1,48.2,52.8
S0744,19,6,0,0,0,38.1,37.5
S0745,19,8,0,0,1,46.1,44.4
S0746,19,7,0,0,0,50.5,46.9
S0747,20,6,1,1,0,56.1,47.4
S0748,20,8,0,1,0,41.8,33.9
S0749,20,7,1,0,0,46.9,30.4
S0750,20,8,0,0,1,49.3,55.8
S0751,20,7,0,0,1,53.2,48.5
S0752,20,8,1,1,1,52.7,49.0
S0753,20,6,0,0,1,46.6,49.0
S0754,20,8,0,1,1,54.2,47.2
S0755,20,8,0,1,1,48.8,53.2
S0756,20,6,1,1,0,39.4,
S0757,20,8,1,1,1,45.0,44.5
S0758,20,7,1,1,1,42.9,
S0759,20,7,1,1,0,30.0,28.9
S0760,20,8,0,0,0,52.5,47.9
S0761,20,6,0,0,0,55.9,46.1
S0762,20,7,1,0,0,56.2,55.0
S0763,20,6,1,1,1,43.6,48.4
S0764,20,6,1,1,1,30.7,29.1
S0765,20,6,1,0,1,36.4,36.6
S0766,20,6,1,0,0,29.4,34.5
S0767,20,8,1,1,1,42.5,43.5
S0768,20,8,1,0,1,45.4,42.1
S0769,20,6,0,0,1,58.2,66.1
S0770,20,8,0,0,0,43.0,38.6
S0771,20,7,1,0,1,36.5,47.4
S0772,20,8,0,0,1,57.3,63.2
S0773,20,7,1,0,0,49.6,48.3
S0774,20,7,0,1,0,34.0,33.4
S0775,20,8,1,1,0,51.1,41.4
S0776,20,6,0,0,0,26.7,35.3
S0777,20,8,0,1,1,52.7,44.9
S0778,20,6,0,0,0,63.4,52.2
S0779,20,7,1,0,1,34.4,29.9
S0780,20,7,1,0,0,35.8,35.8
S0781,20,8,1,0,0,49.7,42.8
S0782,20,6,0,0,1,63.6,71.5
S0783,20,8,0,0,1,62.4,55.3
S0784,20,8,1,0,0,37.6,33.5
S0785,20,6,1,0,0,48.4,51.9
S0786,20,7,0,1,0,48.6,40.9
