Variable / Field Name,Form Name,Section Header,Field Type,Field Label,"Choices, Calculations, OR Slider Labels",Field Note,Text Validation Type OR Show Slider Number,Text Validation Min,Text Validation Max,Identifier?,Branching Logic (Show field only if...),Required Field?,Custom Alignment,Question Number (surveys only),Matrix Group Name,Matrix Ranking?,Field Annotation
record_id,screening,,text,Participant ID,,Assigned by REDCap,,,,,,,,,,,
scr_date,screening,Staff section: visit details and consent,text,Date of screening,,,date_dmy,2026-01-01,today,,,y,,,,,
consent,screening,,yesno,Has the participant signed the study consent form?,,,,,,,,y,,,,,
consent_stop,screening,,descriptive,<b>STOP.</b> Do not continue: people can only take part after signing the consent form.,,,,,,,[consent] = '0',,,,,,
dob,screening,Section A: About you,text,What is your date of birth?,,,date_dmy,1900-01-01,today,y,,y,,1,,,
age,screening,,calc,Age at screening (years),"rounddown(datediff([dob], [scr_date], ""y""), 0)",Calculated from date of birth and date of screening,,,,,,,,,,,
age_stop,screening,,descriptive,<b>STOP.</b> This person is under 18 and cannot take part. Do not continue.,,,,,,,[age] <> '' and [age] < 18,,,,,,
sex,screening,,radio,What is your sex?,"1, Female | 2, Male | 99, Prefer not to say",,,,,,,y,LH,2,,,
education,screening,,dropdown,What is the highest level of education you have completed?,"1, No formal schooling | 2, Primary school | 3, Secondary school | 4, Trade or vocational qualification | 5, University degree | 99, Prefer not to say",,,,,,,y,,3,,,
household,screening,,text,"How many people live in your household, including you?",,,integer,1,20,,,,,4,,,
conditions,screening,Section B: Your health,checkbox,Has a doctor or nurse ever told you that you have any of these conditions? Tick all that apply.,"1, High blood pressure | 2, Diabetes | 3, Heart disease | 4, Asthma or COPD | 5, Kidney disease | 6, None of these",,,,,,,y,,5,,,@NONEOFTHEABOVE='6'
bp_med,screening,,yesno,Are you currently taking medicine for high blood pressure?,,,,,,,[conditions(1)] = '1',y,,6,,,
smoke_status,screening,,radio,"Do you smoke tobacco (cigarettes, cigars, pipe, water-pipe or similar)?","1, Yes, every day | 2, Yes, some days | 3, No, but I used to | 4, No, never",,,,,,,y,,7,,,
cig_per_day,screening,,text,"On a day when you smoke, how many cigarettes (or similar) do you usually smoke?",,,integer,1,80,,[smoke_status] = '1' or [smoke_status] = '2',y,,8,,,
active_days,screening,,text,"In a usual week, on how many days are you active for at least 30 minutes (for example brisk walking, cycling, sport or heavy housework)?",,0 to 7 days,integer,0,7,,,y,,9,,,
fruit_veg,screening,,text,"On a usual day, how many portions of fruit and vegetables do you eat? One portion is about a handful.",,,integer,0,20,,,,,10,,,
energy,screening,,slider,"Over the past week, how much energy have you had?",No energy at all | Some energy | Full of energy,Move the slider to your answer (0 to 100).,number,,,,,,,11,,,
sleep_trouble,screening,,radio,"Over the past month, how often have you had trouble sleeping?","0, Never | 1, Rarely | 2, Sometimes | 3, Often | 4, Every night or almost every night",,,,,,,,,12,,,
sym_headache,screening,"In the past 2 weeks, how often have you had the following?",radio,Headaches,"0, Not at all | 1, Some days | 2, Most days",,,,,,,,,13a,scr_symptoms,,
sym_dizzy,screening,,radio,Dizziness or feeling faint,"0, Not at all | 1, Some days | 2, Most days",,,,,,,,,13b,scr_symptoms,,
sym_chest,screening,,radio,Chest pain or tightness,"0, Not at all | 1, Some days | 2, Most days",,,,,,,,,13c,scr_symptoms,,
sym_breath,screening,,radio,Shortness of breath,"0, Not at all | 1, Some days | 2, Most days",,,,,,,,,13d,scr_symptoms,,
sym_ankles,screening,,radio,Swollen ankles or feet,"0, Not at all | 1, Some days | 2, Most days",,,,,,,,,13e,scr_symptoms,,
height_cm,screening,Section C: Measurements (staff to complete),text,Height (cm),,"Measure without shoes. Enter one decimal place, e.g. 165.0",number_1dp,100,230,,,y,,14a,,,
weight_kg,screening,,text,Weight (kg),,"Light clothing, no shoes. Enter one decimal place, e.g. 72.4",number_1dp,30,250,,,y,,14b,,,
bmi,screening,,calc,"Body mass index (BMI, kg/m2)","round([weight_kg] / (([height_cm] / 100) ^ 2), 1)",Calculated from height and weight,,,,,,,,,,,
scr_sbp,screening,,text,Systolic blood pressure (mmHg),,"Seated, after 5 minutes' rest",integer,70,250,,,y,,15a,,,
scr_dbp,screening,,text,Diastolic blood pressure (mmHg),,,integer,40,150,,,y,,15b,,,
bp_high,screening,Section D: Result and follow-up (staff to complete),calc,"High blood pressure reading (1 = yes, 0 = no)","if([scr_sbp] = '' or [scr_dbp] = '', '', if([scr_sbp] >= 140 or [scr_dbp] >= 90, 1, 0))","1 if systolic is 140 or more, or diastolic is 90 or more",,,,,,,,,,,
bp_high_msg,screening,,descriptive,This reading is 140/90 mmHg or higher. Give the participant the advice leaflet and invite them to the 3 follow-up visits.,,,,,,,[bp_high] = '1',,,,,,
fu_agree,screening,,yesno,Has the participant agreed to the 3 follow-up visits?,,,,,,,[bp_high] = '1',y,,,,,
scr_notes,screening,,notes,"Staff notes (do not write names, addresses or phone numbers here)",,,,,,,,,,,,,@CHARLIMIT=500
contact_intro,contact_details,,descriptive,Complete this form only if the participant agreed to the follow-up visits. These details identify the participant: record them only here.,,,,,,,,,,,,,
contact_phone,contact_details,,text,Phone number for follow-up reminders,,Include the area code,,,,y,[fu_agree] = '1',y,,,,,
contact_time,contact_details,,dropdown,Best time to call,"1, Morning | 2, Afternoon | 3, Evening | 4, Any time",,,,,,[fu_agree] = '1',,,,,,
contact_sms,contact_details,,yesno,May we send text message reminders before each visit?,,,,,,,[fu_agree] = '1',y,,,,,
fu_date,follow_up_visit,Visit details,text,Date of visit (or date of last contact attempt),,,date_dmy,2026-01-01,today,,,y,,F1,,,
fu_attended,follow_up_visit,,yesno,Did the visit take place?,,,,,,,,y,,F2,,,
fu_missed_reason,follow_up_visit,,dropdown,Main reason the visit did not take place,"1, Could not contact participant | 2, Participant declined | 3, Participant unwell | 4, Participant moved away | 5, Other",,,,,,[fu_attended] = '0',y,,F3,,,
fu_missed_other,follow_up_visit,,text,"Other reason, please describe",,,,,,,[fu_missed_reason] = '5',y,,F3a,,,
fu_days,follow_up_visit,,calc,Days since screening,"datediff([screening_arm_1][scr_date], [fu_date], ""d"")",Calculated from the screening date,,,,,,,,,,,
fu_sbp,follow_up_visit,Measurements,text,Systolic blood pressure (mmHg),,"Seated, after 5 minutes' rest",integer,70,250,,[fu_attended] = '1',y,,F4a,,,
fu_dbp,follow_up_visit,,text,Diastolic blood pressure (mmHg),,,integer,40,150,,[fu_attended] = '1',y,,F4b,,,
fu_bp_change,follow_up_visit,,calc,Change in systolic blood pressure since screening (mmHg),[fu_sbp] - [screening_arm_1][scr_sbp],A negative number means lower than at screening,,,,,,,,,,,
fu_weight,follow_up_visit,,text,Weight (kg),,"Light clothing, no shoes. Enter one decimal place, e.g. 72.4",number_1dp,30,250,,[fu_attended] = '1',,,F5,,,
fu_bp_med,follow_up_visit,Medicines and symptoms,yesno,Are you currently taking medicine for high blood pressure?,,,,,,,[fu_attended] = '1',y,,F6,,,
fu_med_days,follow_up_visit,,text,On how many of the last 7 days did you take your blood pressure medicine?,,,integer,0,7,,[fu_bp_med] = '1',y,,F7,,,
fu_headache,follow_up_visit,"In the past 2 weeks, how often have you had the following?",radio,Headaches,"0, Not at all | 1, Some days | 2, Most days",,,,,,[fu_attended] = '1',,,F8a,fu_symptoms,,
fu_dizzy,follow_up_visit,,radio,Dizziness or feeling faint,"0, Not at all | 1, Some days | 2, Most days",,,,,,[fu_attended] = '1',,,F8b,fu_symptoms,,
fu_chest,follow_up_visit,,radio,Chest pain or tightness,"0, Not at all | 1, Some days | 2, Most days",,,,,,[fu_attended] = '1',,,F8c,fu_symptoms,,
fu_breath,follow_up_visit,,radio,Shortness of breath,"0, Not at all | 1, Some days | 2, Most days",,,,,,[fu_attended] = '1',,,F8d,fu_symptoms,,
fu_ankles,follow_up_visit,,radio,Swollen ankles or feet,"0, Not at all | 1, Some days | 2, Most days",,,,,,[fu_attended] = '1',,,F8e,fu_symptoms,,
fu_health_event,follow_up_visit,,yesno,"Since the last visit, have you stayed overnight in hospital, visited an emergency department, or been told you have a new health condition?",,,,,,,[fu_attended] = '1',y,,F9,,,
fu_he_msg,follow_up_visit,,descriptive,Complete one Health event form for each event.,,,,,,,[fu_health_event] = '1',,,,,,
fu_notes,follow_up_visit,,notes,"Staff notes (do not write names, addresses or phone numbers here)",,,,,,,,,,,,,@CHARLIMIT=500
he_date,health_event,,text,Date the event started,,,date_dmy,2026-01-01,today,,,y,,H1,,,
he_type,health_event,,radio,Type of event,"1, Overnight hospital stay | 2, Emergency department visit (no overnight stay) | 3, New health condition diagnosed | 4, Other",,,,,,,y,,H2,,,
he_type_other,health_event,,text,"Other, please describe",,,,,,,[he_type] = '4',y,,H2a,,,
he_nights,health_event,,text,Number of nights in hospital,,,integer,1,365,,[he_type] = '1',y,,H3,,,
he_heart,health_event,,radio,Was the event related to the heart or blood pressure?,"1, Yes | 0, No | 98, Not sure",,,,,,,y,,H4,,,
he_desc,health_event,,notes,Brief description (no names or other identifying details),,,,,,,,,,H5,,,@CHARLIMIT=500
