student_id,school_id,grade,female,low_income,tutoring,baseline_math,endline_math,baseline_z,endline_z,gain
S0001,1,6,0,1,1,36.9,37.9,-1.0189845828325184,-0.5975981091564043,1.0
S0002,1,6,1,0,0,48.8,40.1,0.13612723593681753,-0.4071620728347682,-8.699999999999996
S0003,1,8,1,0,0,55.3,49.1,0.7670706663570431,0.371894439390106,-6.199999999999996
S0004,1,7,1,1,1,52.4,50.5,0.485572828169558,0.4930810079584197,-1.8999999999999986
S0005,1,7,0,0,1,45.1,47.8,-0.22302517830238738,0.25936405429095716,2.6999999999999957
S0006,1,6,1,1,0,42.4,46.0,-0.4851093724769429,0.10355275184598257,3.6000000000000014
S0007,1,6,0,1,1,26.3,26.2,-2.047907715517809,-1.6103715750487408,-0.10000000000000142
S0008,1,8,0,0,0,50.9,47.3,0.33997049807258284,0.21608313694513082,-3.6000000000000014
S0009,1,8,0,1,0,49.1,44.7,0.16524770195621297,-0.008977633253165682,-4.399999999999999
S0010,1,7,1,1,1,53.1,52.1,0.5535205822148134,0.6315799434650641,-1.0
S0012,1,6,0,0,0,40.1,40.7,-0.7083662786256378,-0.35522497201977643,0.6000000000000014
S0013,1,7,0,0,1,55.6,54.4,0.7961911323764386,0.830672163255865,-1.2000000000000028
S0014,1,8,1,0,0,53.5,51.7,0.5923478702406733,0.5969552095884031,-1.7999999999999972
S0015,1,6,1,0,1,49.9,51.6,0.24290227800793276,0.5882990261192378,1.7000000000000028
S0016,1,7,0,1,0,50.5,34.2,0.30114321004672295,-0.9178768975155189,-16.299999999999997
S0017,1,7,0,0,0,58.2,55.9,1.048568504544529,0.9605149152933441,-2.3000000000000043
S0018,1,7,0,0,0,48.7,46.1,0.12642041393035308,0.11220893531514796,-2.6000000000000014
S0019,1,7,1,0,0,44.1,39.7,-0.3200933983670375,-0.4417868067114291,-4.399999999999999
S0020,1,7,0,0,1,51.3,47.6,0.3787977860984428,0.242051687352627,-3.6999999999999957
S0021,1,8,0,0,1,50.8,49.6,0.33026367606611773,0.41517535673593237,-1.1999999999999957
S0022,1,6,1,0,1,38.7,43.5,-0.8442617867161478,-0.11285183488314915,4.799999999999997
S0023,1,7,0,1,1,31.3,37.8,-1.5625666151945588,-0.6062542926255697,6.4999999999999964
S0024,1,7,1,1,0,42.3,39.6,-0.494816194483408,-0.4504429901805945,-2.6999999999999957
S0025,1,8,1,0,1,56.8,56.7,0.9126729964540182,1.0297643830466665,-0.09999999999999432
S0026,1,8,1,1,0,48.8,46.1,0.13612723593681753,0.11220893531514796,-2.6999999999999957
S0027,1,6,0,1,0,31.8,36.8,-1.5140325051622336,-0.6928161273172224,4.9999999999999964
S0028,1,6,1,0,1,55.7,61.5,0.8058979543829037,1.4452611895665992,5.799999999999997
S0029,1,7,1,0,1,55.6,61.1,0.7961911323764386,1.4106364556899382,5.5
S0030,1,8,1,1,0,57.5,47.3,0.9806207504992736,0.21608313694513082,-10.200000000000003
S0031,1,8,1,0,0,56.5,54.3,0.8835525304346235,0.8220159797866996,-2.200000000000003
S0032,1,8,1,0,0,52.7,45.0,0.5146932941889535,0.01699091715432988,-7.700000000000003
S0033,1,7,0,0,1,42.3,40.2,-0.494816194483408,-0.3985058893656028,-2.0999999999999943
S0034,1,8,0,1,0,53.4,51.5,0.582641048234208,0.5796428426500724,-1.8999999999999986
S0035,1,7,0,1,0,47.1,35.4,-0.028888738173087205,-0.8140026958855361,-11.700000000000003
S0036,1,6,1,1,1,41.6,49.4,-0.5627639485286627,0.3978629897976016,7.799999999999997
S0037,1,7,0,1,1,17.9,18.8,-2.86328076406087,-2.2509291517669707,0.9000000000000021
S0038,1,8,0,1,1,60.4,59.0,1.2621185886867587,1.2288566028374674,-1.3999999999999986
S0039,1,6,1,1,0,49.2,47.6,0.17495452396267813,0.242051687352627,-1.6000000000000014
S0040,1,8,0,1,1,38.8,38.8,-0.8345549647096834,-0.519692457933917,0.0
S0041,1,8,1,0,1,50.0,55.7,0.2526091000143979,0.9432025483550139,5.700000000000003
S0042,1,7,1,0,0,51.9,43.7,0.43703871813723294,-0.09553946794481837,-8.199999999999996
S0043,1,7,0,0,0,51.1,58.2,0.35938414208551317,1.1596071350841457,7.100000000000001
S0044,1,7,0,0,1,59.9,64.6,1.2135844786544336,1.7136028771107221,4.699999999999996
S0045,1,7,0,1,1,45.4,45.6,-0.19390471228299264,0.06892801796932162,0.20000000000000284
S0046,1,7,1,1,0,41.5,49.4,-0.5724707705351278,0.3978629897976016,7.899999999999999
S0047,2,6,1,1,1,53.1,45.5,0.5535205822148134,0.060271834500156225,-7.600000000000001
S0048,2,8,0,0,0,69.2,61.9,2.1163189252556798,1.4798859234432602,-7.300000000000004
S0049,2,7,1,0,1,61.9,65.7,1.4077209187837338,1.8088208952715408,3.8000000000000043
S0050,2,7,1,0,0,46.8,45.7,-0.05800920419248264,0.077584201438487,-1.0999999999999943
S0051,2,8,0,0,1,50.9,53.2,0.33997049807258284,0.7267979616258822,2.3000000000000043
S0052,2,7,1,1,1,48.1,35.0,0.06817948189156288,-0.848627429762197,-13.100000000000001
S0053,2,8,1,0,1,36.2,35.9,-1.086932336877773,-0.7707217785397097,-0.30000000000000426
S0054,2,8,0,1,0,40.6,30.3,-0.6598321685933128,-1.2554680528129647,-10.3
S0055,2,6,0,0,1,35.3,43.5,-1.1742937349359586,-0.11285183488314915,8.200000000000003
S0056,2,8,1,1,0,46.4,40.3,-0.09683649221834255,-0.389849705896438,-6.100000000000001
S0057,2,8,1,0,1,49.9,51.0,0.24290227800793276,0.536361925304246,1.1000000000000014
S0058,2,6,0,0,1,49.1,46.4,0.16524770195621297,0.13817748572264352,-2.700000000000003
S0059,2,8,0,1,1,54.9,54.8,0.7282433783311832,0.865296897132526,-0.10000000000000142
S0060,2,8,0,1,0,44.2,38.6,-0.3103865763605723,-0.5370048248722472,-5.600000000000001
S0061,2,8,1,0,0,45.8,44.6,-0.15507742425713272,-0.017633816722331074,-1.1999999999999957
S0062,2,7,0,1,1,54.3,53.6,0.670002446292393,0.7614226955025432,-0.6999999999999957
S0063,2,7,1,0,1,43.8,39.6,-0.3492138643864329,-0.4504429901805945,-4.199999999999996
S0064,2,6,1,0,0,53.6,41.1,0.6020546922471384,-0.3206002381431155,-12.5
S0065,2,8,0,0,0,47.0,53.2,-0.03859556017955235,0.7267979616258822,6.200000000000003
S0066,2,7,0,1,1,49.9,46.9,0.24290227800793276,0.18145840306846986,-3.0
S0067,2,8,1,0,0,52.1,54.7,0.4564523621501632,0.8566407136633613,2.6000000000000014
S0069,2,8,0,0,0,41.8,35.4,-0.5433503045157331,-0.8140026958855361,-6.399999999999999
S0070,2,6,1,1,1,46.9,41.1,-0.0483023821860175,-0.3206002381431155,-5.799999999999997
S0071,2,7,1,1,0,28.1,38.3,-1.873184919401439,-0.5629733752797433,10.199999999999996
S0072,2,6,1,1,1,42.1,53.0,-0.5142298384963376,0.7094855946875513,10.899999999999999
S0073,2,6,0,1,0,32.5,22.4,-1.4460847511169785,-1.939306546877021,-10.100000000000001
S0074,2,6,0,0,0,42.4,48.7,-0.4851093724769429,0.3372697055134451,6.300000000000004
S0076,2,6,0,1,0,38.0,29.9,-0.9122095407614031,-1.290092786689626,-8.100000000000001
S0077,2,7,1,0,0,47.8,38.6,0.039059015872167445,-0.5370048248722472,-9.199999999999996
S0078,2,8,1,0,1,50.4,45.5,0.2914363880402578,0.060271834500156225,-4.899999999999999
S0079,2,7,1,0,0,39.2,41.7,-0.7957276766838228,-0.26866313732812375,2.5
S0080,2,6,0,0,0,37.1,34.4,-0.9995709388195881,-0.9005645305771888,-2.700000000000003
S0081,2,8,0,1,0,48.2,35.7,0.07788630389802803,-0.7880341454780398,-12.5
S0082,2,6,1,0,1,47.0,46.3,-0.03859556017955235,0.12952130225347813,-0.7000000000000028
S0083,2,8,0,1,0,42.6,39.6,-0.4656957284640126,-0.4504429901805945,-3.0
S0084,2,8,1,1,1,46.3,42.6,-0.10654331422480769,-0.19075748610563645,-3.6999999999999957
S0085,2,7,1,1,1,47.2,48.2,-0.019181916166622057,0.29398878816761875,1.0
S0086,3,8,0,1,0,55.1,52.3,0.7476570223441135,0.6488923104033942,-2.8000000000000043
S0087,3,6,1,1,1,50.8,57.4,0.33026367606611773,1.090357667330823,6.600000000000001
S0089,3,8,1,1,1,46.1,41.8,-0.12595695823773728,-0.26000695385895894,-4.300000000000004
S0090,3,6,0,1,0,40.1,38.8,-0.7083662786256378,-0.519692457933917,-1.3000000000000043
S0091,3,6,0,1,1,51.7,61.5,0.41762507412430333,1.4452611895665992,9.799999999999997
S0092,3,6,0,0,0,44.7,44.0,-0.26185246632824727,-0.06957091753732281,-0.7000000000000028
S0093,3,8,1,0,1,57.3,66.1,0.9612071064863433,1.843445629148201,8.799999999999997
S0094,3,8,0,1,1,49.8,54.4,0.23319545600146763,0.830672163255865,4.600000000000001
S0095,3,6,0,1,1,39.6,31.9,-0.7569003886579628,-1.1169691173063205,-7.700000000000003
S0096,3,6,1,1,0,54.8,50.3,0.718536556324718,0.47576864102008887,-4.5
S0097,3,6,1,1,0,39.2,42.6,-0.7957276766838228,-0.19075748610563645,3.3999999999999986
S0098,3,7,0,1,0,56.8,49.3,0.9126729964540182,0.3892068063284362,-7.5
S0099,3,7,0,0,1,53.1,55.3,0.5535205822148134,0.9085778144783523,2.1999999999999957
S0100,3,8,1,1,1,55.6,50.1,0.7961911323764386,0.4584562740817587,-5.5
S0101,3,8,1,1,1,50.3,51.8,0.2817295660337927,0.605611393057568,1.5
S0102,3,7,0,0,0,49.3,42.0,0.18466134596914258,-0.24269458692062817,-7.299999999999997
S0103,3,8,0,0,1,53.6,58.6,0.6020546922471384,1.1942318689608065,5.0
S0104,3,7,1,0,0,61.1,58.0,1.330066342732014,1.1422947681458149,-3.1000000000000014
S0105,3,8,1,1,0,62.5,61.2,1.465961850822524,1.4192926391591036,-1.2999999999999972
S0106,3,7,1,0,1,57.6,62.4,0.9903275725057388,1.5231668407890866,4.799999999999997
S0107,3,6,0,0,1,53.5,58.4,0.5923478702406733,1.1769195020224759,4.899999999999999
S0108,3,7,0,1,0,45.6,39.9,-0.17449106827006233,-0.42447443977309895,-5.700000000000003
S0109,3,8,1,1,1,61.6,72.0,1.3786004527643392,2.3541604538289524,10.399999999999999
S0110,3,6,0,1,0,41.0,40.1,-0.6210048805674528,-0.4071620728347682,-0.8999999999999986
S0111,3,6,1,0,1,48.6,48.7,0.11671359192388793,0.3372697055134451,0.10000000000000142
S0112,3,6,1,1,0,45.3,54.7,-0.20361153428945777,0.8566407136633613,9.400000000000006
S0113,3,7,1,1,0,61.5,57.1,1.3688936307578738,1.0643891169233275,-4.399999999999999
S0114,3,7,0,1,0,47.8,38.9,0.039059015872167445,-0.5110362744647516,-8.899999999999999
S0115,3,8,1,1,0,56.3,57.3,0.8641388864216932,1.0817014838616577,1.0
S0116,3,6,0,0,1,50.6,61.2,0.3108500320531881,1.4192926391591036,10.600000000000001
S0117,3,6,0,1,1,28.0,27.1,-1.882891741407904,-1.5324659238262532,-0.8999999999999986
S0118,3,6,0,0,1,35.4,43.5,-1.1645869129294935,-0.11285183488314915,8.100000000000001
S0119,3,7,0,0,0,33.9,32.8,-1.3101892430264686,-1.0390634660838332,-1.1000000000000014
S0120,3,7,0,0,0,66.8,61.9,1.8833551971005191,1.4798859234432602,-4.899999999999999
S0121,3,8,0,1,0,55.5,48.0,0.7864843103699735,0.2766764212292879,-7.5
S0122,4,7,1,1,1,61.2,48.5,1.3397731647384792,0.31995733857511427,-12.700000000000003
S0123,4,8,1,0,1,40.7,38.5,-0.6501253465868476,-0.5456610083414126,-2.200000000000003
S0126,4,6,0,1,1,24.6,18.2,-2.212923689627714,-2.3028662525819623,-6.400000000000002
S0128,4,6,0,0,1,38.3,38.2,-0.8830890747420084,-0.5716295587489082,-0.09999999999999432
S0129,4,6,1,1,0,35.2,30.5,-1.1840005569424232,-1.238155685874634,-4.700000000000003
S0130,4,6,0,1,0,42.9,48.6,-0.43657526244461786,0.3286135220442797,5.700000000000003
S0131,4,8,0,0,0,36.7,31.6,-1.038398226845448,-1.142937667713816,-5.100000000000001
S0132,4,8,0,0,0,42.6,38.0,-0.4656957284640126,-0.5889419256872389,-4.600000000000001
S0133,4,6,1,0,1,30.4,28.4,-1.649928013252744,-1.4199355387271049,-2.0
S0134,4,6,1,0,0,49.3,57.2,0.18466134596914258,1.073045300392493,7.900000000000006
S0135,4,7,1,0,0,43.0,47.3,-0.4268684404381527,0.21608313694513082,4.299999999999997
S0136,4,8,0,0,0,46.8,36.8,-0.05800920419248264,-0.6928161273172224,-10.0
S0137,4,8,0,1,0,36.4,17.7,-1.0675186928648435,-2.3461471699277885,-18.7
S0138,4,6,0,0,1,48.4,42.1,0.09729994791095764,-0.2340384034514628,-6.299999999999997
S0139,4,6,1,1,1,45.8,33.1,-0.15507742425713272,-1.013094915676337,-12.699999999999996
S0140,4,7,1,0,1,41.2,31.3,-0.6015912365545226,-1.168906218121312,-9.900000000000002
S0141,4,7,0,0,1,45.7,46.8,-0.1647842462635972,0.17280221959930447,1.0999999999999943
S0142,4,6,1,1,0,30.7,26.4,-1.620807547233349,-1.5930592081104102,-4.300000000000001
S0143,4,6,0,1,1,37.0,38.9,-1.0092777608260532,-0.5110362744647516,1.8999999999999986
S0144,4,7,0,1,0,45.4,36.2,-0.19390471228299264,-0.7447532281322136,-9.199999999999996
S0145,4,7,0,0,0,48.1,46.6,0.06817948189156288,0.15548985266097431,-1.5
S0146,4,7,1,1,1,37.4,40.5,-0.9704504728001934,-0.3725373389581072,3.1000000000000014
S0147,4,8,0,0,0,43.0,32.3,-0.4268684404381527,-1.0823443834296596,-10.700000000000003
S0148,4,8,1,0,0,44.9,42.5,-0.2424388223153177,-0.19941366957480183,-2.3999999999999986
S0149,4,7,1,1,0,37.3,35.0,-0.9801572948066585,-0.848627429762197,-2.299999999999997
S0150,4,6,1,1,0,35.8,25.0,-1.1257596249036337,-1.7142457766787238,-10.799999999999997
S0151,4,7,1,1,1,41.3,40.0,-0.5918844145480582,-0.41581825630393354,-1.2999999999999972
S0152,4,7,0,1,1,46.7,37.9,-0.06771602619894711,-0.5975981091564043,-8.800000000000004
S0153,4,7,0,0,1,39.5,26.4,-0.766607210664428,-1.5930592081104102,-13.100000000000001
S0154,4,8,1,1,0,34.7,28.1,-1.2325346669747481,-1.4459040891346004,-6.600000000000001
S0155,4,6,1,0,1,20.7,15.9,-2.5914897478798498,-2.5019584723727637,-4.799999999999999
S0156,4,8,0,0,1,47.8,42.3,0.039059015872167445,-0.21672603651313263,-5.5
S0157,4,7,0,1,1,39.2,29.6,-0.7957276766838228,-1.3160613370971215,-9.600000000000001
S0158,4,8,0,1,1,56.8,38.5,0.9126729964540182,-0.5456610083414126,-18.299999999999997
S0159,4,7,0,1,0,35.7,21.6,-1.1354664469100981,-2.0085560146303427,-14.100000000000001
S0160,4,8,1,0,1,37.2,33.3,-0.9898641168131229,-0.9957825487380069,-3.9000000000000057
S0161,4,8,1,0,1,52.9,46.7,0.534106938201883,0.1641460361301397,-6.199999999999996
S0162,4,7,1,0,0,48.8,39.2,0.13612723593681753,-0.48506772405725546,-9.599999999999994
S0163,4,7,1,0,0,49.9,50.8,0.24290227800793276,0.5190495583659153,0.8999999999999986
S0164,4,7,1,1,0,51.3,29.1,0.3787977860984428,-1.3593422544429477,-22.199999999999996
S0165,5,8,1,1,0,37.3,34.8,-0.9801572948066585,-0.8659397967005278,-2.5
S0166,5,8,1,1,1,52.6,52.9,0.5049864721824883,0.700829411218386,0.29999999999999716
S0167,5,8,0,1,0,38.3,43.7,-0.8830890747420084,-0.09553946794481837,5.400000000000006
S0168,5,8,1,1,0,49.5,41.2,0.20407498998207288,-0.3119440546739501,-8.299999999999997
S0169,5,6,1,1,1,24.0,26.2,-2.2711646216665042,-1.6103715750487408,2.1999999999999993
S0170,5,8,0,0,1,68.1,66.9,2.009543883184564,1.9126950969015242,-1.1999999999999886
S0171,5,6,1,0,1,57.8,57.5,1.0097412165186683,1.0990138507999885,-0.29999999999999716
S0172,5,6,1,0,0,46.6,38.8,-0.07742284820541225,-0.519692457933917,-7.800000000000004
S0173,5,6,1,1,1,28.8,25.4,-1.8052371653561838,-1.679621042802063,-3.400000000000002
S0174,5,6,0,0,0,41.7,35.0,-0.5530571265221975,-0.848627429762197,-6.700000000000003
S0175,5,8,1,0,1,43.0,41.8,-0.4268684404381527,-0.26000695385895894,-1.2000000000000028
S0176,5,8,1,0,1,35.7,31.0,-1.1354664469100981,-1.1948747685288077,-4.700000000000003
S0177,5,6,1,0,1,42.7,39.0,-0.45598890645754747,-0.5023800909955862,-3.700000000000003
S0178,5,7,1,0,0,47.8,40.4,0.039059015872167445,-0.3811935224272726,-7.399999999999999
S0179,5,8,0,0,1,47.6,53.2,0.01964537185923784,0.7267979616258822,5.600000000000001
S0180,5,8,0,1,0,46.5,47.5,-0.0871296702118774,0.2333955038834616,1.0
S0181,5,6,0,1,1,26.4,22.8,-2.0382008935113443,-1.9046818130003598,-3.599999999999998
S0182,5,6,1,1,1,40.4,35.4,-0.6792458126062431,-0.8140026958855361,-5.0
S0183,5,8,1,1,1,63.9,60.1,1.601857358913034,1.3240746209982857,-3.799999999999997
S0184,5,8,0,1,1,59.8,57.9,1.2038776566479685,1.1336385846766495,-1.8999999999999986
S0185,5,8,1,0,1,46.0,44.6,-0.13566378024420245,-0.017633816722331074,-1.3999999999999986
S0186,5,8,0,0,0,62.8,66.1,1.4950823168419187,1.843445629148201,3.299999999999997
S0187,5,8,1,0,0,48.6,51.8,0.11671359192388793,0.605611393057568,3.1999999999999957
S0188,5,7,0,0,1,51.1,56.1,0.35938414208551317,0.9778272822316748,5.0
S0189,5,7,1,0,0,45.0,37.3,-0.23273200030885252,-0.649535209971396,-7.700000000000003
S0190,5,7,1,0,0,67.3,59.5,1.9318893071328442,1.2721375201832938,-7.799999999999997
S0191,5,6,1,0,0,53.2,47.2,0.5632274042212785,0.20742695347596604,-6.0
S0192,5,8,0,0,0,55.1,50.8,0.7476570223441135,0.5190495583659153,-4.300000000000004
S0193,5,8,0,1,0,47.0,47.3,-0.03859556017955235,0.21608313694513082,0.29999999999999716
S0194,5,8,0,0,1,47.3,50.4,-0.0094750941601576,0.4844248244892543,3.1000000000000014
S0195,5,7,0,0,1,62.7,61.5,1.4853754948354543,1.4452611895665992,-1.2000000000000028
S0196,5,8,1,0,0,44.5,50.1,-0.2812661103411776,0.4584562740817587,5.600000000000001
S0197,5,8,0,0,1,50.3,50.4,0.2817295660337927,0.4844248244892543,0.10000000000000142
S0198,5,7,1,1,1,29.8,32.9,-1.7081689452915338,-1.0304072826146677,3.099999999999998
S0199,5,6,0,1,1,49.0,37.8,0.15554087994974783,-0.6062542926255697,-11.200000000000003
S0200,5,6,0,1,1,18.8,17.1,-2.7759193660026846,-2.39808427074278,-1.6999999999999993
S0201,5,6,0,0,0,33.4,41.5,-1.3587233530587937,-0.2859755042664545,8.100000000000001
S0202,5,7,0,1,0,53.0,64.3,0.5438137602083482,1.6876343267032266,11.299999999999997
S0203,5,6,1,0,0,58.1,46.9,1.0388616825380639,0.18145840306846986,-11.200000000000003
S0204,5,7,0,1,0,48.6,39.8,0.11671359192388793,-0.43313062324226437,-8.800000000000004
S0205,5,8,1,0,0,40.7,36.6,-0.6501253465868476,-0.7101284942555526,-4.100000000000001
S0206,5,8,0,0,0,55.8,64.0,0.8156047763893681,1.661665776295731,8.200000000000003
S0207,6,8,0,0,0,65.3,69.7,1.737752867003544,2.1550682340381515,4.400000000000006
S0208,6,7,1,1,1,43.2,29.9,-0.4074547964252224,-1.290092786689626,-13.300000000000004
S0209,6,7,0,0,0,66.9,73.2,1.893062019106985,2.458034655458936,6.299999999999997
S0210,6,7,1,1,0,29.8,20.9,-1.7081689452915338,-2.0691492989145,-8.900000000000002
S0211,6,8,0,0,0,74.0,77.5,2.582246381566,2.830250544633042,3.5
S0212,6,6,1,1,1,54.8,47.5,0.718536556324718,0.2333955038834616,-7.299999999999997
S0213,6,8,1,0,1,49.9,53.6,0.24290227800793276,0.7614226955025432,3.700000000000003
S0214,6,6,1,1,1,67.9,68.9,1.9901302391716351,2.0858187662848295,1.0
S0215,6,7,0,0,1,50.6,57.3,0.3108500320531881,1.0817014838616577,6.699999999999996
S0216,6,6,0,1,0,43.0,31.6,-0.4268684404381527,-1.142937667713816,-11.399999999999999
S0217,6,7,1,0,1,54.6,58.9,0.6991229123117885,1.220200419368302,4.299999999999997
S0218,6,7,1,0,1,69.0,73.6,2.0969052812427496,2.4926593893355964,4.599999999999994
S0219,6,7,1,1,1,43.7,28.8,-0.35892068639289737,-1.3853108048504437,-14.900000000000002
S0220,6,8,0,0,0,54.7,54.0,0.7088297343182536,0.796047429379204,-0.7000000000000028
S0221,6,6,1,0,0,61.4,59.9,1.3591868087514087,1.3067622540599548,-1.5
S0222,6,8,0,0,0,45.4,53.4,-0.19390471228299264,0.7441103285642123,8.0
S0223,6,6,0,0,0,47.5,44.1,0.009938549852772692,-0.060914734068157415,-3.3999999999999986
S0224,6,8,0,0,1,48.5,52.3,0.10700676991742278,0.6488923104033942,3.799999999999997
S0225,6,8,1,1,1,52.3,51.8,0.4758660061630928,0.605611393057568,-0.5
S0226,6,7,0,1,1,40.6,40.1,-0.6598321685933128,-0.4071620728347682,-0.5
S0227,6,6,1,0,0,39.7,50.8,-0.7471935666514977,0.5190495583659153,11.099999999999994
S0228,6,8,1,0,0,54.4,57.8,0.6797092682988581,1.124982401207484,3.3999999999999986
S0229,6,6,1,1,1,50.4,55.8,0.2914363880402578,0.9518587318241787,5.399999999999999
S0230,6,8,1,1,0,46.4,41.4,-0.09683649221834255,-0.29463168773561993,-5.0
S0231,6,6,0,1,0,64.9,67.6,1.6989255789776847,1.97328838118568,2.6999999999999886
S0232,6,6,0,1,0,50.4,37.9,0.2914363880402578,-0.5975981091564043,-12.5
S0233,6,8,1,0,1,60.1,60.2,1.2329981226673639,1.332730804467451,0.10000000000000142
S0234,6,7,0,0,1,51.8,50.9,0.4273318961307678,0.5277057418350806,-0.8999999999999986
S0235,6,7,0,0,0,61.7,51.6,1.3883072747708043,0.5882990261192378,-10.100000000000001
S0236,6,6,1,1,1,36.8,36.8,-1.0286914048389835,-0.6928161273172224,0.0
S0237,6,6,1,0,0,51.7,60.7,0.41762507412430333,1.3760117218132772,9.0
S0238,6,8,0,0,1,65.4,65.0,1.7474596890100098,1.7482276109873836,-0.4000000000000057
S0239,6,7,1,1,1,49.7,43.6,0.22348863399500316,-0.10419565141398376,-6.100000000000001
S0240,6,7,1,1,0,43.5,42.8,-0.37833433040582765,-0.1734451191673063,-0.7000000000000028
S0241,7,8,0,0,1,58.3,65.3,1.0582753265509934,1.7741961613948791,7.0
S0242,7,7,0,1,0,41.4,35.2,-0.582177592541593,-0.8313150628238662,-6.199999999999996
S0243,7,7,0,0,1,46.6,49.6,-0.07742284820541225,0.41517535673593237,3.0
S0245,7,8,1,0,0,66.5,60.5,1.8542347310811245,1.3586993548749466,-6.0
S0246,7,6,1,1,0,65.9,59.1,1.795993799042335,1.2375127863066329,-6.800000000000004
S0247,7,6,0,0,1,52.0,65.8,0.4467455401436981,1.8174770787407055,13.799999999999997
S0248,7,8,1,1,0,39.3,38.2,-0.7860208546773583,-0.5716295587489082,-1.0999999999999943
S0249,7,8,0,1,0,48.8,44.0,0.13612723593681753,-0.06957091753732281,-4.799999999999997
S0250,7,6,0,1,0,37.9,39.1,-0.9219163627678683,-0.49372390752642087,1.2000000000000028
S0251,7,7,0,0,1,52.8,61.2,0.5244001161954179,1.4192926391591036,8.400000000000006
S0252,7,6,1,0,1,57.3,49.6,0.9612071064863433,0.41517535673593237,-7.699999999999996
S0253,7,6,1,1,1,41.6,44.1,-0.5627639485286627,-0.060914734068157415,2.5
S0254,7,6,1,1,1,42.6,37.4,-0.4656957284640126,-0.6408790265022307,-5.200000000000003
S0255,7,8,0,0,0,61.4,52.8,1.3591868087514087,0.6921732277492206,-8.600000000000001
S0256,7,8,1,1,1,63.4,59.2,1.553323248880709,1.2461689697757983,-4.199999999999996
S0257,7,8,0,1,0,61.8,58.4,1.3980140967772687,1.1769195020224759,-3.3999999999999986
S0258,7,6,0,1,0,47.8,46.3,0.039059015872167445,0.12952130225347813,-1.5
S0259,7,6,0,1,1,52.1,54.1,0.4564523621501632,0.8047036128483694,2.0
S0260,7,6,1,1,1,39.4,42.2,-0.7763140326708932,-0.2253822199822974,2.8000000000000043
S0261,7,7,0,0,0,36.7,42.0,-1.038398226845448,-0.24269458692062817,5.299999999999997
S0262,7,8,0,0,0,76.5,66.7,2.8249169317276253,1.8953827299631936,-9.799999999999997
S0263,7,8,1,1,1,67.8,61.6,1.9804234171651693,1.4539173730357646,-6.199999999999996
S0264,7,8,1,0,1,66.7,61.1,1.8736483750940547,1.4106364556899382,-5.600000000000001
S0266,7,8,0,1,0,56.7,46.0,0.9029661744475538,0.10355275184598257,-10.700000000000003
S0267,7,8,0,0,0,65.4,63.1,1.7474596890100098,1.5837601250732436,-2.3000000000000043
S0268,7,8,1,0,1,57.3,65.2,0.9612071064863433,1.7655399779257144,7.900000000000006
S0269,7,8,1,1,1,56.4,62.3,0.8738457084281583,1.5145106573199212,5.899999999999999
S0270,7,8,1,0,0,36.8,44.5,-1.0286914048389835,-0.026290000191496465,7.700000000000003
S0271,7,6,0,0,1,39.9,41.0,-0.7277799226385682,-0.32925642161228086,1.1000000000000014
S0273,7,8,1,1,1,54.5,55.7,0.6894160903053234,0.9432025483550139,1.2000000000000028
S0274,7,8,1,0,0,66.4,58.9,1.84452790907466,1.220200419368302,-7.500000000000007
S0275,7,6,0,1,1,66.5,66.4,1.8542347310811245,1.869414179555698,-0.09999999999999432
S0276,7,7,1,0,1,64.1,60.7,1.6212710029259636,1.3760117218132772,-3.3999999999999915
S0277,7,7,1,0,0,58.4,44.4,1.0679821485574585,-0.03494618366066186,-14.0
S0278,7,7,1,0,1,42.2,49.1,-0.5045230164898725,0.371894439390106,6.899999999999999
S0280,7,7,1,1,0,46.6,38.7,-0.07742284820541225,-0.5283486414030818,-7.899999999999999
S0281,8,8,1,0,0,48.3,48.6,0.08759312590449249,0.3286135220442797,0.30000000000000426
S0282,8,8,0,1,0,49.5,39.8,0.20407498998207288,-0.43313062324226437,-9.700000000000003
S0283,8,8,0,1,1,48.8,54.7,0.13612723593681753,0.8566407136633613,5.900000000000006
S0284,8,7,0,1,1,60.5,60.5,1.2718254106932239,1.3586993548749466,0.0
S0285,8,7,0,0,1,50.0,52.0,0.2526091000143979,0.6229237599958987,2.0
S0286,8,8,1,0,0,69.5,69.4,2.1454393912750747,2.129099683630656,-0.09999999999999432
S0287,8,6,1,1,0,50.2,50.7,0.27202274402732823,0.5103933748967504,0.5
S0288,8,8,1,1,1,59.7,53.5,1.194170834641504,0.7527665120333777,-6.200000000000003
S0289,8,7,1,1,1,61.8,54.6,1.3980140967772687,0.8479845301941958,-7.199999999999996
S0290,8,6,0,0,0,48.4,44.2,0.09729994791095764,-0.052258550598992023,-4.199999999999996
S0291,8,6,0,0,1,34.1,38.2,-1.2907755990135383,-0.5716295587489082,4.100000000000001
S0292,8,7,0,1,1,41.1,47.5,-0.6112980585609877,0.2333955038834616,6.399999999999999
S0293,8,8,1,1,0,39.5,43.3,-0.766607210664428,-0.13016420182147995,3.799999999999997
S0294,8,6,1,0,0,41.7,38.4,-0.5530571265221975,-0.554317191810578,-3.3000000000000043
S0295,8,8,0,0,1,51.8,50.9,0.4273318961307678,0.5277057418350806,-0.8999999999999986
S0296,8,7,1,1,1,58.7,54.6,1.0971026145768539,0.8479845301941958,-4.100000000000001
S0297,8,6,1,0,0,51.9,46.8,0.43703871813723294,0.17280221959930447,-5.100000000000001
S0298,8,7,0,0,1,60.9,64.5,1.3106526987190839,1.7049466936415574,3.6000000000000014
S0299,8,8,1,1,0,42.0,43.3,-0.5239366605028029,-0.13016420182147995,1.2999999999999972
S0300,8,7,1,0,0,48.4,49.5,0.09729994791095764,0.40651917326676695,1.1000000000000014
S0301,8,7,1,0,0,53.0,47.4,0.5438137602083482,0.2247393204142962,-5.600000000000001
S0302,8,8,1,1,1,46.4,52.1,-0.09683649221834255,0.6315799434650641,5.700000000000003
S0303,8,7,0,0,1,56.7,51.3,0.9029661744475538,0.5623304757117416,-5.400000000000006
S0304,8,6,1,0,1,42.1,51.9,-0.5142298384963376,0.6142675765267334,9.799999999999997
S0305,8,7,1,1,0,48.8,47.6,0.13612723593681753,0.242051687352627,-1.1999999999999957
S0306,8,7,0,1,0,40.2,31.7,-0.6986594566191727,-1.134281484244651,-8.500000000000004
S0307,8,7,1,1,1,51.9,50.0,0.43703871813723294,0.44980009061259335,-1.8999999999999986
S0308,8,8,1,0,1,48.1,46.6,0.06817948189156288,0.15548985266097431,-1.5
S0309,8,6,0,1,1,55.2,60.1,0.7573638443505787,1.3240746209982857,4.899999999999999
S0311,8,6,0,1,0,60.6,53.2,1.281532232699689,0.7267979616258822,-7.399999999999999
S0312,8,7,0,1,1,51.0,41.3,0.349677320079048,-0.30328787120478534,-9.700000000000003
S0313,8,6,1,1,0,35.0,47.2,-1.2034142009553535,0.20742695347596604,12.200000000000003
S0314,8,6,0,0,1,41.1,51.0,-0.6112980585609877,0.536361925304246,9.899999999999999
S0315,8,6,0,1,1,50.5,63.3,0.30114321004672295,1.6010724920115738,12.799999999999997
S0316,8,6,0,0,1,58.7,72.4,1.0971026145768539,2.388785187705614,13.700000000000003
S0317,8,6,0,0,0,68.7,63.6,2.0677848152233547,1.62704104241907,-5.100000000000001
S0318,8,6,1,1,0,56.9,57.6,0.9223798184604834,1.107670034269154,0.7000000000000028
S0319,8,8,0,1,0,44.0,37.7,-0.3298002203735026,-0.6149104760947345,-6.299999999999997
S0320,8,7,1,0,0,53.7,48.7,0.6117615142536035,0.3372697055134451,-5.0
S0321,8,7,0,0,0,63.4,57.8,1.553323248880709,1.124982401207484,-5.600000000000001
S0322,9,8,0,0,1,55.6,63.3,0.7961911323764386,1.6010724920115738,7.699999999999996
S0323,9,8,1,0,0,60.3,67.3,1.2524117666802936,1.9473198307781845,7.0
S0324,9,7,1,1,1,32.0,42.9,-1.4946188611493036,-0.1647889356981409,10.899999999999999
S0325,9,6,1,0,0,46.6,42.4,-0.07742284820541225,-0.20806985304396725,-4.200000000000003
S0326,9,8,0,1,1,49.8,45.7,0.23319545600146763,0.077584201438487,-4.099999999999994
S0327,9,7,0,0,1,51.5,44.4,0.39821143011137305,-0.03494618366066186,-7.100000000000001
S0328,9,8,0,1,1,57.7,54.8,1.0000343945122039,0.865296897132526,-2.9000000000000057
S0329,9,7,1,1,0,42.2,41.6,-0.5045230164898725,-0.27731932079728916,-0.6000000000000014
S0330,9,6,0,0,0,47.0,41.6,-0.03859556017955235,-0.27731932079728916,-5.399999999999999
S0331,9,8,0,0,1,43.4,48.8,-0.3880411524122928,0.34592588898260984,5.399999999999999
S0332,9,7,0,1,1,39.1,39.2,-0.8054344986902879,-0.48506772405725546,0.10000000000000142
S0333,9,6,0,1,1,49.5,51.7,0.20407498998207288,0.5969552095884031,2.200000000000003
S0334,9,8,1,1,0,55.8,57.0,0.8156047763893681,1.055732933454162,1.2000000000000028
S0336,9,7,0,0,1,47.8,55.5,0.039059015872167445,0.9258901814166831,7.700000000000003
S0337,9,8,0,1,0,52.9,45.7,0.534106938201883,0.077584201438487,-7.199999999999996
S0338,9,8,1,0,0,48.8,55.6,0.13612723593681753,0.9345463648858485,6.800000000000004
S0339,9,8,0,1,0,61.6,52.0,1.3786004527643392,0.6229237599958987,-9.600000000000001
S0341,9,8,1,1,1,53.0,51.8,0.5438137602083482,0.605611393057568,-1.2000000000000028
S0342,9,6,0,1,1,63.7,65.7,1.5824437149001045,1.8088208952715408,2.0
S0343,9,8,0,0,0,46.3,40.0,-0.10654331422480769,-0.41581825630393354,-6.299999999999997
S0344,9,6,1,1,1,43.7,51.3,-0.35892068639289737,0.5623304757117416,7.599999999999994
S0345,9,7,1,0,0,47.0,44.5,-0.03859556017955235,-0.026290000191496465,-2.5
S0346,9,8,0,0,0,52.5,48.7,0.49527965017602316,0.3372697055134451,-3.799999999999997
S0347,9,6,0,1,1,47.7,41.1,0.029352193865702987,-0.3206002381431155,-6.600000000000001
S0348,9,8,0,0,1,49.4,57.9,0.19436816797560771,1.1336385846766495,8.5
S0349,9,8,0,1,1,53.8,54.4,0.621468336260068,0.830672163255865,0.6000000000000014
S0350,9,6,0,1,1,48.1,49.1,0.06817948189156288,0.371894439390106,1.0
S0351,9,6,0,0,0,46.5,45.0,-0.0871296702118774,0.01699091715432988,-1.5
S0352,9,8,0,1,0,62.7,58.3,1.4853754948354543,1.1682633185533104,-4.400000000000006
S0353,9,6,1,1,0,50.2,53.1,0.27202274402732823,0.7181417781567168,2.8999999999999986
S0354,9,8,0,1,1,49.5,48.0,0.20407498998207288,0.2766764212292879,-1.5
S0355,9,7,0,0,0,74.2,72.0,2.6016600255789304,2.3541604538289524,-2.200000000000003
S0356,10,6,1,0,0,30.6,29.6,-1.6305143692398136,-1.3160613370971215,-1.0
S0357,10,8,0,1,0,39.8,39.6,-0.7374867446450333,-0.4504429901805945,-0.19999999999999574
S0358,10,6,1,1,1,44.7,40.0,-0.26185246632824727,-0.41581825630393354,-4.700000000000003
S0359,10,8,1,0,0,37.8,38.8,-0.9316231847743335,-0.519692457933917,1.0
S0360,10,6,0,0,0,34.0,23.9,-1.3004824210200034,-1.809463794839542,-10.100000000000001
S0361,10,6,0,0,1,44.1,37.7,-0.3200933983670375,-0.6149104760947345,-6.399999999999999
S0362,10,6,1,0,0,31.6,30.4,-1.5334461491751636,-1.2468118693437995,-1.2000000000000028
S0363,10,8,0,0,0,40.4,39.8,-0.6792458126062431,-0.43313062324226437,-0.6000000000000014
S0364,10,7,1,0,1,21.2,24.0,-2.5429556378475247,-1.8008076113703766,2.8000000000000007
S0365,10,7,1,0,1,42.4,42.2,-0.4851093724769429,-0.2253822199822974,-0.19999999999999574
S0366,10,6,0,0,0,48.3,55.1,0.08759312590449249,0.8912654475400221,6.800000000000004
S0367,10,8,1,0,0,62.3,62.0,1.4465482068095938,1.4885421069124256,-0.29999999999999716
S0368,10,6,1,1,1,39.1,32.3,-0.8054344986902879,-1.0823443834296596,-6.800000000000004
S0369,10,8,0,1,0,43.4,27.5,-0.3880411524122928,-1.4978411899495923,-15.899999999999999
S0370,10,7,1,0,1,61.2,49.9,1.3397731647384792,0.44114390714342794,-11.300000000000004
S0371,10,7,0,1,1,33.9,28.5,-1.3101892430264686,-1.4112793552579395,-5.399999999999999
S0372,10,7,1,0,0,34.9,35.7,-1.2131210229618186,-0.7880341454780398,0.8000000000000043
S0373,10,6,0,1,0,20.3,13.3,-2.6303170359057098,-2.7270192425710604,-7.0
S0374,10,6,0,1,1,36.8,34.7,-1.0286914048389835,-0.8745959801696925,-2.0999999999999943
S0375,10,6,0,1,0,41.3,42.5,-0.5918844145480582,-0.19941366957480183,1.2000000000000028
S0376,10,6,1,1,1,46.5,48.9,-0.0871296702118774,0.35458207245177525,2.3999999999999986
S0377,10,6,0,0,1,41.1,27.3,-0.6112980585609877,-1.5151535568879226,-13.8
S0378,10,7,1,1,0,32.4,41.2,-1.4557915731234439,-0.3119440546739501,8.800000000000004
S0379,10,6,0,1,1,33.8,43.5,-1.3198960650329339,-0.11285183488314915,9.700000000000003
S0380,10,6,0,1,1,33.6,19.0,-1.3393097090458634,-2.23361678482864,-14.600000000000001
S0381,10,8,0,0,1,42.2,54.8,-0.5045230164898725,0.865296897132526,12.599999999999994
S0382,10,6,1,0,1,36.0,40.0,-1.1063459808907032,-0.41581825630393354,4.0
S0383,10,6,0,0,1,35.9,37.3,-1.1160528028971686,-0.649535209971396,1.3999999999999986
S0384,10,8,1,0,0,48.0,50.1,0.058472659885097734,0.4584562740817587,2.1000000000000014
S0385,10,7,1,1,0,42.4,31.5,-0.4851093724769429,-1.1515938511829815,-10.899999999999999
S0386,10,8,0,0,1,48.4,41.3,0.09729994791095764,-0.30328787120478534,-7.100000000000001
S0388,10,6,1,0,1,34.6,31.9,-1.2422414889812132,-1.1169691173063205,-2.700000000000003
S0389,10,7,1,1,0,38.0,43.0,-0.9122095407614031,-0.1561327522289755,5.0
S0390,10,7,1,1,1,62.1,57.9,1.427134562796664,1.1336385846766495,-4.200000000000003
S0391,10,6,0,1,0,10.4,15.5,-3.591292414545746,-2.5365832062494245,5.1
S0392,10,8,1,1,0,42.9,43.2,-0.43657526244461786,-0.13882038529064472,0.30000000000000426
S0393,10,6,1,0,1,29.3,32.3,-1.756703055323859,-1.0823443834296596,2.9999999999999964
S0394,10,7,1,0,0,30.2,21.6,-1.6693416572656739,-2.0085560146303427,-8.599999999999998
S0395,11,6,1,1,0,36.3,26.3,-1.0772255148713086,-1.6017153915795754,-9.999999999999996
S0396,11,7,0,0,0,67.2,64.3,1.9221824851263798,1.6876343267032266,-2.9000000000000057
S0397,11,8,1,1,1,63.2,63.7,1.5339096048677794,1.6356972258882354,0.5
S0398,11,6,1,0,1,53.8,57.2,0.621468336260068,1.073045300392493,3.4000000000000057
S0399,11,8,0,1,1,39.4,43.1,-0.7763140326708932,-0.1474765687598101,3.700000000000003
S0400,11,7,0,0,0,59.5,59.8,1.1747571906285739,1.2981060705907894,0.29999999999999716
S0401,11,7,0,1,1,51.8,48.8,0.4273318961307678,0.34592588898260984,-3.0
S0402,11,7,1,0,0,57.4,49.3,0.9709139284928084,0.3892068063284362,-8.100000000000001
S0403,11,7,1,1,0,41.0,37.9,-0.6210048805674528,-0.5975981091564043,-3.1000000000000014
S0404,11,8,1,1,1,50.4,56.0,0.2914363880402578,0.9691710987625095,5.600000000000001
S0406,11,8,0,1,1,42.9,47.5,-0.43657526244461786,0.2333955038834616,4.600000000000001
S0407,11,6,1,0,0,50.5,45.7,0.30114321004672295,0.077584201438487,-4.799999999999997
S0408,11,7,0,0,1,45.6,58.8,-0.17449106827006233,1.2115442358991368,13.199999999999996
S0409,11,6,1,0,1,49.3,54.4,0.18466134596914258,0.830672163255865,5.100000000000001
S0410,11,7,1,0,1,54.3,58.2,0.670002446292393,1.1596071350841457,3.9000000000000057
S0411,11,7,1,1,1,37.7,28.8,-0.9413300067807979,-1.3853108048504437,-8.900000000000002
S0412,11,6,1,0,0,43.1,51.9,-0.4171616184316876,0.6142675765267334,8.799999999999997
S0413,11,8,0,0,1,54.3,50.5,0.670002446292393,0.4930810079584197,-3.799999999999997
S0414,11,8,1,0,0,57.1,57.7,0.9417934624734137,1.1163262177383193,0.6000000000000014
S0415,11,6,1,1,0,39.2,31.9,-0.7957276766838228,-1.1169691173063205,-7.300000000000004
S0416,11,7,0,1,1,46.0,46.3,-0.13566378024420245,0.12952130225347813,0.29999999999999716
S0417,11,8,1,1,0,50.3,58.4,0.2817295660337927,1.1769195020224759,8.100000000000001
S0418,11,6,1,0,1,40.5,55.0,-0.669538990599778,0.8826092640708567,14.5
S0419,11,6,0,1,0,44.4,40.6,-0.2909729323476427,-0.36388115548894184,-3.799999999999997
S0420,11,7,0,0,1,57.2,63.2,0.9515002844798789,1.592416308542409,6.0
S0421,11,8,0,1,0,38.7,38.1,-0.8442617867161478,-0.5802857422180735,-0.6000000000000014
S0422,11,7,1,1,0,42.7,36.3,-0.45598890645754747,-0.7360970446630488,-6.400000000000006
S0423,11,6,0,1,0,43.4,47.0,-0.3880411524122928,0.19011458653763524,3.6000000000000014
S0424,11,6,1,0,0,37.5,22.2,-0.9607436507937283,-1.9566189138153516,-15.3
S0425,11,7,1,0,0,49.6,43.8,0.21378181198853802,-0.08688328447565359,-5.800000000000004
S0426,11,6,0,1,1,68.0,69.3,1.9998370611780996,2.12044350016149,1.2999999999999972
S0427,11,8,1,0,0,47.3,41.6,-0.0094750941601576,-0.27731932079728916,-5.699999999999996
S0428,11,6,0,1,1,33.3,34.5,-1.3684301750652588,-0.8919083471080234,1.2000000000000028
S0429,11,8,0,1,0,52.2,48.3,0.4661591841566284,0.3026449716367835,-3.9000000000000057
S0430,11,8,1,1,0,51.7,52.9,0.41762507412430333,0.700829411218386,1.1999999999999957
S0431,11,8,1,0,1,57.0,55.5,0.9320866404669486,0.9258901814166831,-1.5
S0432,11,6,1,1,0,59.3,56.3,1.1553435466156434,0.995139649170005,-3.0
S0433,11,8,0,0,1,58.7,51.5,1.0971026145768539,0.5796428426500724,-7.200000000000003
S0434,11,7,1,1,0,53.0,44.4,0.5438137602083482,-0.03494618366066186,-8.600000000000001
S0435,11,8,0,1,1,65.8,64.7,1.7862869770358691,1.7222590605798882,-1.0999999999999943
S0437,11,7,1,1,0,40.2,43.0,-0.6986594566191727,-0.1561327522289755,2.799999999999997
S0438,12,6,1,0,0,62.0,61.0,1.417427740790199,1.4019802722207728,-1.0
S0439,12,7,1,1,1,57.4,64.0,0.9709139284928084,1.661665776295731,6.600000000000001
S0440,12,7,1,1,1,55.7,56.8,0.8058979543829037,1.0384205665158313,1.0999999999999943
S0441,12,8,1,0,1,71.5,73.7,2.3395758314043746,2.5013155728047622,2.200000000000003
S0442,12,6,0,1,0,45.1,33.1,-0.22302517830238738,-1.013094915676337,-12.0
S0443,12,7,1,0,1,62.8,64.0,1.4950823168419187,1.661665776295731,1.2000000000000028
S0444,12,8,0,0,0,62.0,63.0,1.417427740790199,1.5751039416040782,1.0
S0445,12,6,0,1,1,50.5,51.0,0.30114321004672295,0.536361925304246,0.5
S0446,12,7,1,0,1,60.8,68.6,1.3009458767126185,2.059850215877333,7.799999999999997
S0447,12,6,1,0,0,55.5,47.2,0.7864843103699735,0.20742695347596604,-8.299999999999997
S0448,12,8,1,0,0,44.8,48.2,-0.2521456443217828,0.29398878816761875,3.4000000000000057
S0449,12,8,0,0,1,40.3,43.1,-0.6889526346127083,-0.1474765687598101,2.8000000000000043
S0450,12,8,1,1,1,52.8,45.8,0.5244001161954179,0.08624038490765179,-7.0
S0451,12,7,1,0,1,58.7,64.6,1.0971026145768539,1.7136028771107221,5.8999999999999915
S0452,12,7,1,0,0,46.0,44.0,-0.13566378024420245,-0.06957091753732281,-2.0
S0453,12,8,0,1,0,63.6,61.2,1.5727368928936394,1.4192926391591036,-2.3999999999999986
S0454,12,6,0,1,0,36.7,36.0,-1.038398226845448,-0.7620655950705443,-0.7000000000000028
S0455,12,7,1,0,0,33.4,42.2,-1.3587233530587937,-0.2253822199822974,8.800000000000004
S0456,12,8,0,0,1,75.7,67.9,2.7472623556759057,1.999256931593177,-7.799999999999997
S0458,12,6,1,0,1,51.9,48.2,0.43703871813723294,0.29398878816761875,-3.6999999999999957
S0460,12,7,1,1,1,52.6,66.5,0.5049864721824883,1.8780703630248627,13.899999999999999
S0461,12,7,0,1,0,39.9,53.5,-0.7277799226385682,0.7527665120333777,13.600000000000001
S0462,12,8,0,0,1,63.5,68.5,1.563030070887174,2.051194032408168,5.0
S0463,12,8,0,1,0,67.4,68.8,1.94159612913931,2.0771625828156637,1.3999999999999915
S0464,12,6,1,1,0,45.8,40.2,-0.15507742425713272,-0.3985058893656028,-5.599999999999994
S0465,12,7,1,0,1,74.9,74.3,2.6696077796241857,2.5532526736197534,-0.6000000000000085
S0466,12,7,1,0,1,30.8,36.3,-1.6111007252268836,-0.7360970446630488,5.4999999999999964
S0467,12,6,1,0,0,40.8,54.6,-0.6404185245803832,0.8479845301941958,13.800000000000004
S0468,12,6,1,0,1,50.1,57.8,0.26231592202086307,1.124982401207484,7.699999999999996
S0469,12,6,0,0,0,58.6,64.0,1.0873957925703888,1.661665776295731,5.399999999999999
S0470,12,8,0,1,1,67.4,70.7,1.94159612913931,2.2416300687298043,3.299999999999997
S0471,12,7,0,0,0,53.2,49.1,0.5632274042212785,0.371894439390106,-4.100000000000001
S0472,12,6,1,0,1,46.7,55.1,-0.06771602619894711,0.8912654475400221,8.399999999999999
S0473,12,7,1,1,0,42.2,50.7,-0.5045230164898725,0.5103933748967504,8.5
S0474,12,7,0,0,1,64.2,63.8,1.6309778249324294,1.6443534093574002,-0.4000000000000057
S0475,12,6,0,0,0,52.4,58.6,0.485572828169558,1.1942318689608065,6.200000000000003
S0476,12,7,0,1,1,49.9,55.0,0.24290227800793276,0.8826092640708567,5.100000000000001
S0477,12,8,1,0,0,46.5,42.0,-0.0871296702118774,-0.24269458692062817,-4.5
S0478,12,7,0,0,1,64.0,73.0,1.6115641809194992,2.4407222885206052,9.0
S0479,12,7,1,1,0,43.3,46.7,-0.397747974418758,0.1641460361301397,3.4000000000000057
S0480,13,6,0,1,0,37.9,46.8,-0.9219163627678683,0.17280221959930447,8.899999999999999
S0481,13,8,0,0,0,52.9,60.2,0.534106938201883,1.332730804467451,7.300000000000004
S0482,13,8,1,1,1,71.2,74.7,2.31045536538498,2.587877407496415,3.5
S0483,13,7,1,0,1,60.9,74.2,1.3106526987190839,2.544596490150589,13.300000000000004
S0484,13,7,1,1,1,44.5,48.9,-0.2812661103411776,0.35458207245177525,4.399999999999999
S0485,13,8,1,1,0,62.8,62.2,1.4950823168419187,1.5058544738507564,-0.5999999999999943
S0486,13,7,1,0,0,48.2,50.2,0.07788630389802803,0.4671124575509241,2.0
S0487,13,8,1,1,0,51.0,45.8,0.349677320079048,0.08624038490765179,-5.200000000000003
S0488,13,6,1,1,1,49.6,55.3,0.21378181198853802,0.9085778144783523,5.699999999999996
S0489,13,6,1,1,1,60.2,58.9,1.2427049446738292,1.220200419368302,-1.3000000000000043
S0490,13,6,1,1,1,46.8,55.0,-0.05800920419248264,0.8826092640708567,8.200000000000003
S0491,13,7,0,0,0,57.4,57.3,0.9709139284928084,1.0817014838616577,-0.10000000000000142
S0492,13,7,0,1,0,65.1,71.3,1.7183392229906138,2.2935671695447954,6.200000000000003
S0493,13,6,1,1,1,51.0,63.2,0.349677320079048,1.592416308542409,12.200000000000003
S0495,13,7,1,0,0,48.7,57.9,0.12642041393035308,1.1336385846766495,9.199999999999996
S0496,13,7,0,0,0,51.7,61.6,0.41762507412430333,1.4539173730357646,9.899999999999999
S0497,13,6,1,0,1,48.0,46.0,0.058472659885097734,0.10355275184598257,-2.0
S0498,13,7,0,0,0,72.0,64.4,2.3881099414366997,1.6962905101723926,-7.599999999999994
S0499,13,8,0,0,1,65.7,77.8,1.7765801550294047,2.856219095040538,12.099999999999994
S0501,13,6,1,0,0,53.7,55.0,0.6117615142536035,0.8826092640708567,1.2999999999999972
S0502,13,7,1,1,1,55.5,57.3,0.7864843103699735,1.0817014838616577,1.7999999999999972
S0503,13,6,0,1,1,44.5,41.5,-0.2812661103411776,-0.2859755042664545,-3.0
S0504,13,8,0,0,1,61.2,62.9,1.3397731647384792,1.566447758134913,1.6999999999999957
S0505,13,8,1,1,0,47.2,47.4,-0.019181916166622057,0.2247393204142962,0.19999999999999574
S0507,13,8,0,0,1,64.6,67.1,1.6698051129582887,1.9300074638398539,2.5
S0508,13,8,1,0,0,70.0,71.3,2.1939735013073998,2.2935671695447954,1.2999999999999972
S0509,13,7,0,0,0,54.3,55.7,0.670002446292393,0.9432025483550139,1.4000000000000057
S0510,13,8,0,1,0,60.5,57.5,1.2718254106932239,1.0990138507999885,-3.0
S0511,13,6,0,1,0,52.0,45.7,0.4467455401436981,0.077584201438487,-6.299999999999997
S0512,13,8,0,1,1,66.7,66.7,1.8736483750940547,1.8953827299631936,0.0
S0513,13,7,1,0,1,59.6,63.1,1.184464012635039,1.5837601250732436,3.5
S0514,13,8,0,0,1,71.8,60.7,2.3686962974237695,1.3760117218132772,-11.099999999999994
S0515,13,7,1,0,1,46.3,52.0,-0.10654331422480769,0.6229237599958987,5.700000000000003
S0516,13,8,1,1,0,55.2,60.4,0.7573638443505787,1.3500431714057812,5.199999999999996
S0517,13,6,0,0,1,72.0,74.9,2.3881099414366997,2.605189774434746,2.9000000000000057
S0518,13,6,0,1,1,40.9,39.3,-0.6307117025739181,-0.4764115405880907,-1.6000000000000014
S0519,13,6,0,1,0,54.1,57.7,0.6505888022794635,1.1163262177383193,3.6000000000000014
S0520,13,8,1,0,0,52.6,44.6,0.5049864721824883,-0.017633816722331074,-8.0
S0521,13,6,0,1,1,64.0,63.2,1.6115641809194992,1.592416308542409,-0.7999999999999972
S0522,14,6,1,1,1,45.2,50.7,-0.21331835629592225,0.5103933748967504,5.5
S0523,14,8,1,1,1,59.6,56.2,1.184464012635039,0.9864834657008402,-3.3999999999999986
S0524,14,6,1,1,1,28.2,18.7,-1.863478097394974,-2.2595853352361357,-9.5
S0525,14,7,0,1,1,53.8,47.9,0.621468336260068,0.26802023776012257,-5.899999999999999
S0526,14,6,0,1,1,22.8,19.3,-2.3876464857440847,-2.207648234421144,-3.5
S0527,14,8,0,0,0,54.7,46.9,0.7088297343182536,0.18145840306846986,-7.800000000000004
S0528,14,8,0,0,0,42.6,40.5,-0.4656957284640126,-0.3725373389581072,-2.1000000000000014
S0529,14,6,0,0,0,42.2,38.0,-0.5045230164898725,-0.5889419256872389,-4.200000000000003
S0530,14,7,1,1,1,25.0,28.8,-2.1740964016018545,-1.3853108048504437,3.8000000000000007
S0531,14,6,1,1,0,48.4,35.2,0.09729994791095764,-0.8313150628238662,-13.199999999999996
S0532,14,8,1,1,1,46.2,38.0,-0.11625013623127214,-0.5889419256872389,-8.200000000000003
S0533,14,6,1,0,1,56.7,61.9,0.9029661744475538,1.4798859234432602,5.199999999999996
S0534,14,6,0,1,1,47.0,49.5,-0.03859556017955235,0.40651917326676695,2.5
S0535,14,8,1,1,1,39.8,40.4,-0.7374867446450333,-0.3811935224272726,0.6000000000000014
S0536,14,6,0,0,1,43.2,44.5,-0.4074547964252224,-0.026290000191496465,1.2999999999999972
S0537,14,8,0,0,1,51.0,51.0,0.349677320079048,0.536361925304246,0.0
S0538,14,6,0,0,0,34.2,31.3,-1.2810687770070732,-1.168906218121312,-2.900000000000002
S0539,14,7,0,1,0,53.4,46.3,0.582641048234208,0.12952130225347813,-7.100000000000001
S0540,14,7,1,0,0,55.1,55.7,0.7476570223441135,0.9432025483550139,0.6000000000000014
S0541,14,6,1,1,0,47.5,46.3,0.009938549852772692,0.12952130225347813,-1.2000000000000028
S0542,14,8,0,1,0,39.0,41.9,-0.815141320696753,-0.2513507703897936,2.8999999999999986
S0543,14,7,0,1,1,34.3,34.4,-1.2713619550006088,-0.9005645305771888,0.10000000000000142
S0544,14,6,1,1,0,38.1,54.5,-0.902502718754938,0.8393283467250304,16.4
S0545,14,7,0,0,0,52.2,53.2,0.4661591841566284,0.7267979616258822,1.0
S0546,14,6,0,1,0,38.9,26.9,-0.8248481427032183,-1.5497782907645838,-12.0
S0547,14,8,0,1,0,48.0,44.3,0.058472659885097734,-0.04360236712982725,-3.700000000000003
S0548,14,7,0,1,0,21.7,19.2,-2.4944215278151995,-2.2163044178903095,-2.5
S0549,14,6,1,0,0,46.7,39.3,-0.06771602619894711,-0.4764115405880907,-7.400000000000006
S0550,14,6,0,1,1,31.6,38.7,-1.5334461491751636,-0.5283486414030818,7.100000000000001
S0551,14,7,1,1,0,51.5,47.0,0.39821143011137305,0.19011458653763524,-4.5
S0552,14,6,1,0,0,54.1,57.4,0.6505888022794635,1.090357667330823,3.299999999999997
S0554,14,6,1,0,0,51.4,56.9,0.3885046081049079,1.0470767499849967,5.5
S0555,14,6,1,1,1,60.2,57.2,1.2427049446738292,1.073045300392493,-3.0
S0556,14,8,1,1,1,61.5,56.4,1.3688936307578738,1.0037958326391705,-5.100000000000001
S0557,15,8,1,0,0,55.0,44.0,0.7379502003376484,-0.06957091753732281,-11.0
S0558,15,6,0,0,1,42.9,46.2,-0.43657526244461786,0.12086511878431336,3.3000000000000043
S0559,15,6,1,1,0,30.4,30.5,-1.649928013252744,-1.238155685874634,0.10000000000000142
S0560,15,6,0,1,1,38.5,41.7,-0.8636754307290782,-0.26866313732812375,3.200000000000003
S0561,15,8,1,1,1,33.0,34.5,-1.3975506410846537,-0.8919083471080234,1.5
S0562,15,7,1,0,1,29.4,27.2,-1.746996233317394,-1.523809740357088,-2.1999999999999993
S0563,15,6,1,1,1,15.9,18.7,-3.05741720419017,-2.2595853352361357,2.799999999999999
S0564,15,8,1,0,1,37.7,36.9,-0.9413300067807979,-0.684159943848057,-0.8000000000000043
S0565,15,7,1,0,1,52.6,37.7,0.5049864721824883,-0.6149104760947345,-14.899999999999999
S0566,15,8,0,0,0,56.9,48.0,0.9223798184604834,0.2766764212292879,-8.899999999999999
S0567,15,6,0,0,1,43.5,42.8,-0.37833433040582765,-0.1734451191673063,-0.7000000000000028
S0568,15,6,1,0,1,30.0,27.9,-1.6887553012786038,-1.4632164560729313,-2.1000000000000014
S0569,15,7,0,1,1,41.8,40.6,-0.5433503045157331,-0.36388115548894184,-1.1999999999999957
S0570,15,6,0,1,0,30.9,26.3,-1.601393903220419,-1.6017153915795754,-4.599999999999998
S0571,15,6,1,1,1,42.7,36.9,-0.45598890645754747,-0.684159943848057,-5.800000000000004
S0572,15,8,1,0,0,41.9,27.8,-0.533643482509268,-1.4718726395420962,-14.099999999999998
S0573,15,6,1,1,0,47.5,47.4,0.009938549852772692,0.2247393204142962,-0.10000000000000142
S0574,15,6,0,1,1,40.7,45.9,-0.6501253465868476,0.09489656837681718,5.199999999999996
S0575,15,7,1,1,0,40.9,35.8,-0.6307117025739181,-0.7793779620088751,-5.100000000000001
S0576,15,6,1,1,0,31.9,25.1,-1.5043256831557688,-1.7055895932095586,-6.799999999999997
S0577,15,7,0,0,0,45.1,43.5,-0.22302517830238738,-0.11285183488314915,-1.6000000000000014
S0579,15,8,0,1,1,38.1,34.4,-0.902502718754938,-0.9005645305771888,-3.700000000000003
S0580,15,6,0,0,0,41.1,26.5,-0.6112980585609877,-1.5844030246412448,-14.600000000000001
S0581,15,7,1,1,1,45.9,42.7,-0.14537060225066759,-0.18210130263647106,-3.1999999999999957
S0582,15,6,1,1,0,45.1,33.2,-0.22302517830238738,-1.0044387322071715,-11.899999999999999
S0583,15,6,0,0,0,50.9,43.9,0.33997049807258284,-0.0782271010064882,-7.0
S0584,15,6,1,0,1,52.6,51.9,0.5049864721824883,0.6142675765267334,-0.7000000000000028
S0585,15,6,1,1,1,35.7,37.4,-1.1354664469100981,-0.6408790265022307,1.6999999999999957
S0586,15,7,1,1,0,46.6,48.0,-0.07742284820541225,0.2766764212292879,1.3999999999999986
S0587,15,8,0,1,1,38.1,45.3,-0.902502718754938,0.04295946756182544,7.199999999999996
S0588,15,6,1,1,0,37.4,39.9,-0.9704504728001934,-0.42447443977309895,2.5
S0589,15,7,1,0,0,60.2,46.5,1.2427049446738292,0.1468336691918089,-13.700000000000003
S0590,15,7,0,1,0,45.4,40.6,-0.19390471228299264,-0.36388115548894184,-4.799999999999997
S0591,15,6,1,1,0,34.8,31.4,-1.2228278449682837,-1.1602500346521467,-3.3999999999999986
S0592,15,6,0,0,1,38.3,40.4,-0.8830890747420084,-0.3811935224272726,2.1000000000000014
S0593,15,7,1,0,1,27.5,30.6,-1.9314258514402292,-1.2294995024054687,3.1000000000000014
S0594,15,6,0,1,0,44.6,34.2,-0.27155928833471243,-0.9178768975155189,-10.399999999999999
S0595,15,8,1,1,0,35.2,31.9,-1.1840005569424232,-1.1169691173063205,-3.3000000000000043
S0596,16,8,0,0,1,38.7,35.5,-0.8442617867161478,-0.8053465124163707,-3.200000000000003
S0597,16,7,1,1,0,60.7,57.2,1.291239054706154,1.073045300392493,-3.5
S0598,16,6,1,0,1,65.3,71.8,1.737752867003544,2.3368480868906216,6.5
S0599,16,7,1,0,1,47.2,55.3,-0.019181916166622057,0.9085778144783523,8.099999999999994
S0600,16,6,0,0,0,43.0,41.4,-0.4268684404381527,-0.29463168773561993,-1.6000000000000014
S0601,16,8,1,1,1,51.2,47.0,0.3690909640919783,0.19011458653763524,-4.200000000000003
S0602,16,8,0,1,0,53.2,56.8,0.5632274042212785,1.0384205665158313,3.5999999999999943
S0603,16,6,1,0,1,49.5,56.4,0.20407498998207288,1.0037958326391705,6.899999999999999
S0604,16,8,1,1,1,43.4,44.2,-0.3880411524122928,-0.052258550598992023,0.8000000000000043
S0605,16,7,0,1,0,47.9,49.2,0.04876583787863259,0.38055062285927144,1.3000000000000043
S0607,16,7,0,0,1,51.0,55.6,0.349677320079048,0.9345463648858485,4.600000000000001
S0608,16,8,1,1,1,52.5,46.8,0.49527965017602316,0.17280221959930447,-5.700000000000003
S0609,16,8,0,0,1,56.7,56.7,0.9029661744475538,1.0297643830466665,0.0
S0610,16,6,0,1,1,41.8,37.2,-0.5433503045157331,-0.6581913934405609,-4.599999999999994
S0611,16,7,0,0,0,51.7,48.3,0.41762507412430333,0.3026449716367835,-3.4000000000000057
S0612,16,7,1,1,0,39.3,39.8,-0.7860208546773583,-0.43313062324226437,0.5
S0613,16,7,0,0,0,54.7,59.1,0.7088297343182536,1.2375127863066329,4.399999999999999
S0614,16,7,1,1,0,52.6,54.5,0.5049864721824883,0.8393283467250304,1.8999999999999986
S0615,16,7,1,1,1,46.8,43.0,-0.05800920419248264,-0.1561327522289755,-3.799999999999997
S0616,16,7,0,1,0,58.3,63.1,1.0582753265509934,1.5837601250732436,4.800000000000004
S0617,16,6,0,1,1,41.1,41.6,-0.6112980585609877,-0.27731932079728916,0.5
S0618,16,8,1,1,0,58.0,58.4,1.0291548605315985,1.1769195020224759,0.3999999999999986
S0619,16,7,1,1,0,56.3,69.0,0.8641388864216932,2.0944749497539945,12.700000000000003
S0620,16,6,1,0,0,40.4,39.3,-0.6792458126062431,-0.4764115405880907,-1.1000000000000014
S0621,16,7,1,0,0,67.4,69.1,1.94159612913931,2.103131133223159,1.6999999999999886
S0623,16,8,1,0,0,57.8,51.3,1.0097412165186683,0.5623304757117416,-6.5
S0624,16,7,1,1,1,58.4,57.1,1.0679821485574585,1.0643891169233275,-1.2999999999999972
S0625,16,6,1,0,1,54.5,60.2,0.6894160903053234,1.332730804467451,5.700000000000003
S0627,16,7,0,1,1,33.0,36.2,-1.3975506410846537,-0.7447532281322136,3.200000000000003
S0628,16,7,0,0,0,60.6,61.1,1.281532232699689,1.4106364556899382,0.5
S0629,16,8,1,1,0,53.1,42.4,0.5535205822148134,-0.20806985304396725,-10.700000000000003
S0630,16,6,0,0,1,32.0,25.5,-1.4946188611493036,-1.6709648593328976,-6.5
S0631,16,7,1,0,0,53.1,56.7,0.5535205822148134,1.0297643830466665,3.6000000000000014
S0632,16,7,0,0,0,32.5,33.4,-1.4460847511169785,-0.9871263652688415,0.8999999999999986
S0633,17,7,1,0,1,50.5,42.8,0.30114321004672295,-0.1734451191673063,-7.700000000000003
S0634,17,7,1,0,1,51.4,47.9,0.3885046081049079,0.26802023776012257,-3.5
S0635,17,8,0,0,1,31.6,22.8,-1.5334461491751636,-1.9046818130003598,-8.8
S0636,17,7,0,0,1,46.4,46.1,-0.09683649221834255,0.11220893531514796,-0.29999999999999716
S0637,17,7,1,0,1,27.0,27.0,-1.979959961472554,-1.5411221072954184,0.0
S0638,17,8,0,0,1,45.3,51.2,-0.20361153428945777,0.5536742922425768,5.900000000000006
S0639,17,7,1,1,0,25.0,12.5,-2.1740964016018545,-2.7962687103243824,-12.5
S0640,17,8,1,0,0,53.8,44.8,0.621468336260068,-0.00032144978400090534,-9.0
S0641,17,6,0,0,0,33.7,37.2,-1.3296028870393983,-0.6581913934405609,3.5
S0642,17,6,0,1,1,36.6,40.7,-1.0481050488519132,-0.35522497201977643,4.100000000000001
S0643,17,7,0,1,0,34.3,32.6,-1.2713619550006088,-1.0563758330221633,-1.6999999999999957
S0645,17,6,0,0,1,43.9,50.8,-0.33950704237996776,0.5190495583659153,6.899999999999999
S0646,17,7,1,1,1,49.0,45.0,0.15554087994974783,0.01699091715432988,-4.0
S0647,17,6,1,0,1,38.1,41.3,-0.902502718754938,-0.30328787120478534,3.1999999999999957
S0648,17,7,0,0,1,52.7,47.7,0.5146932941889535,0.2507078708217924,-5.0
S0649,17,7,1,1,0,38.0,31.3,-0.9122095407614031,-1.168906218121312,-6.699999999999999
S0650,17,8,0,0,0,51.0,49.7,0.349677320079048,0.4238315402050978,-1.2999999999999972
S0651,17,6,0,1,0,35.5,34.1,-1.1548800909230283,-0.9265330809846843,-1.3999999999999986
S0652,17,6,0,0,1,42.8,41.3,-0.446282084451083,-0.30328787120478534,-1.5
S0653,17,6,1,1,1,49.2,44.1,0.17495452396267813,-0.060914734068157415,-5.100000000000001
S0654,17,6,0,1,1,54.7,59.5,0.7088297343182536,1.2721375201832938,4.799999999999997
S0655,17,7,1,1,0,42.8,39.6,-0.446282084451083,-0.4504429901805945,-3.1999999999999957
S0656,17,7,0,1,0,55.1,50.5,0.7476570223441135,0.4930810079584197,-4.600000000000001
S0657,17,7,1,1,1,47.3,47.1,-0.0094750941601576,0.19877077000680066,-0.19999999999999574
S0658,17,6,1,0,0,30.6,24.3,-1.6305143692398136,-1.7748390609628808,-6.300000000000001
S0659,17,8,0,1,1,43.6,40.9,-0.36862750839936254,-0.33791260508144627,-2.700000000000003
S0660,17,6,1,0,0,52.2,54.9,0.4661591841566284,0.8739530806016914,2.6999999999999957
S0661,17,7,1,1,0,32.2,31.7,-1.4752052171363734,-1.134281484244651,-0.5000000000000036
S0662,17,6,0,1,0,31.4,29.9,-1.5528597931880939,-1.290092786689626,-1.5
S0663,17,6,1,1,0,38.0,36.2,-0.9122095407614031,-0.7447532281322136,-1.7999999999999972
S0664,17,8,0,1,0,41.0,43.0,-0.6210048805674528,-0.1561327522289755,2.0
S0665,17,8,1,0,0,51.2,51.4,0.3690909640919783,0.570986659180907,0.19999999999999574
S0667,17,8,1,1,1,37.9,36.6,-0.9219163627678683,-0.7101284942555526,-1.2999999999999972
S0668,17,8,1,0,0,31.8,28.5,-1.5140325051622336,-1.4112793552579395,-3.3000000000000007
S0669,17,8,1,1,1,49.9,43.0,0.24290227800793276,-0.1561327522289755,-6.899999999999999
S0670,17,6,1,0,0,44.8,34.5,-0.2521456443217828,-0.8919083471080234,-10.299999999999997
S0671,17,6,1,0,0,35.5,33.7,-1.1548800909230283,-0.9611578148613452,-1.7999999999999972
S0672,17,7,0,0,1,45.3,46.9,-0.20361153428945777,0.18145840306846986,1.6000000000000014
S0673,17,7,0,1,0,55.4,48.1,0.7767774883635082,0.28533260469845334,-7.299999999999997
S0674,18,8,1,0,1,51.5,64.6,0.39821143011137305,1.7136028771107221,13.099999999999994
S0675,18,7,0,0,0,36.4,39.0,-1.0675186928648435,-0.5023800909955862,2.6000000000000014
S0676,18,7,0,1,1,29.3,32.9,-1.756703055323859,-1.0304072826146677,3.599999999999998
S0678,18,6,0,1,1,23.4,26.6,-2.3294055537052945,-1.5757468411720794,3.200000000000003
S0679,18,6,0,0,0,49.3,51.9,0.18466134596914258,0.6142675765267334,2.6000000000000014
S0680,18,7,1,0,0,60.0,55.5,1.2232913006608988,0.9258901814166831,-4.5
S0681,18,8,0,1,0,39.4,33.8,-0.7763140326708932,-0.9525016313921805,-5.600000000000001
S0682,18,6,0,0,1,63.7,59.5,1.5824437149001045,1.2721375201832938,-4.200000000000003
S0683,18,7,0,0,1,55.6,51.1,0.7961911323764386,0.5450181087734114,-4.5
S0684,18,8,1,1,0,59.5,50.8,1.1747571906285739,0.5190495583659153,-8.700000000000003
S0685,18,8,0,0,1,44.6,44.5,-0.27155928833471243,-0.026290000191496465,-0.10000000000000142
S0686,18,7,0,0,1,44.9,40.5,-0.2424388223153177,-0.3725373389581072,-4.399999999999999
S0688,18,6,1,1,0,46.3,37.1,-0.10654331422480769,-0.6668475769097263,-9.199999999999996
S0689,18,6,1,1,1,26.1,15.3,-2.067321359530739,-2.553895573187755,-10.8
S0690,18,6,1,0,1,41.4,46.5,-0.582177592541593,0.1468336691918089,5.100000000000001
S0691,18,7,0,1,1,48.5,49.9,0.10700676991742278,0.44114390714342794,1.3999999999999986
S0692,18,7,1,1,0,26.4,21.3,-2.0382008935113443,-2.034524565037839,-5.099999999999998
S0693,18,7,0,1,0,58.7,45.5,1.0971026145768539,0.060271834500156225,-13.200000000000003
S0694,18,6,1,0,0,49.8,44.4,0.23319545600146763,-0.03494618366066186,-5.399999999999999
S0695,18,8,1,1,0,31.0,24.9,-1.5916870812139539,-1.7229019601478892,-6.100000000000001
S0696,18,6,0,1,0,29.9,16.4,-1.698462123285069,-2.458677555026937,-13.5
S0697,18,6,0,0,1,52.2,48.0,0.4661591841566284,0.2766764212292879,-4.200000000000003
S0698,18,7,1,0,1,52.1,58.2,0.4564523621501632,1.1596071350841457,6.100000000000001
S0699,18,7,1,0,1,44.9,44.9,-0.2424388223153177,0.008334733685164486,0.0
S0700,18,6,0,1,1,57.0,43.8,0.9320866404669486,-0.08688328447565359,-13.200000000000003
S0701,18,8,1,1,1,58.7,58.2,1.0971026145768539,1.1596071350841457,-0.5
S0702,18,6,1,0,0,42.8,37.3,-0.446282084451083,-0.649535209971396,-5.5
S0703,18,6,0,1,1,39.9,43.0,-0.7277799226385682,-0.1561327522289755,3.1000000000000014
S0704,18,6,0,1,1,54.0,55.6,0.6408819802729983,0.9345463648858485,1.6000000000000014
S0705,18,6,1,0,0,40.7,43.1,-0.6501253465868476,-0.1474765687598101,2.3999999999999986
S0706,18,6,1,1,0,39.5,42.5,-0.766607210664428,-0.19941366957480183,3.0
S0707,18,8,1,1,0,46.9,36.2,-0.0483023821860175,-0.7447532281322136,-10.699999999999996
S0709,19,8,0,1,0,51.3,38.6,0.3787977860984428,-0.5370048248722472,-12.699999999999996
S0710,19,7,0,0,0,34.2,28.0,-1.2810687770070732,-1.4545602726037659,-6.200000000000003
S0711,19,8,1,0,1,39.1,44.1,-0.8054344986902879,-0.060914734068157415,5.0
S0712,19,7,0,1,0,51.0,43.6,0.349677320079048,-0.10419565141398376,-7.399999999999999
S0713,19,7,0,1,0,35.8,23.6,-1.1257596249036337,-1.8354323452470376,-12.199999999999996
S0714,19,7,0,1,0,32.4,25.7,-1.4557915731234439,-1.653652492394567,-6.699999999999999
S0715,19,6,0,1,0,27.8,27.7,-1.902305385420834,-1.4805288230112617,-0.10000000000000142
S0716,19,7,0,1,1,38.7,33.7,-0.8442617867161478,-0.9611578148613452,-5.0
S0718,19,8,0,0,0,34.9,38.7,-1.2131210229618186,-0.5283486414030818,3.8000000000000043
S0719,19,8,1,0,0,60.1,52.1,1.2329981226673639,0.6315799434650641,-8.0
S0720,19,6,1,1,1,30.9,28.8,-1.601393903220419,-1.3853108048504437,-2.099999999999998
S0722,19,6,1,0,0,43.7,46.7,-0.35892068639289737,0.1641460361301397,3.0
S0723,19,7,1,1,1,46.0,51.1,-0.13566378024420245,0.5450181087734114,5.100000000000001
S0724,19,6,0,0,1,49.3,51.9,0.18466134596914258,0.6142675765267334,2.6000000000000014
S0725,19,8,1,0,1,38.0,37.0,-0.9122095407614031,-0.6755037603788916,-1.0
S0726,19,7,0,0,0,57.0,56.2,0.9320866404669486,0.9864834657008402,-0.7999999999999972
S0727,19,8,0,1,1,37.5,32.9,-0.9607436507937283,-1.0304072826146677,-4.600000000000001
S0728,19,6,1,0,0,21.7,19.9,-2.4944215278151995,-2.1557111336061525,-1.8000000000000007
S0729,19,8,0,1,1,58.8,50.2,1.1068094365833183,0.4671124575509241,-8.599999999999994
S0730,19,8,0,0,1,26.7,23.3,-2.0090804274919494,-1.8614008956545334,-3.3999999999999986
S0731,19,6,1,0,1,39.3,52.5,-0.7860208546773583,0.6662046773417251,13.200000000000003
S0732,19,6,1,1,1,45.2,46.5,-0.21331835629592225,0.1468336691918089,1.2999999999999972
S0733,19,7,1,0,0,43.3,38.9,-0.397747974418758,-0.5110362744647516,-4.399999999999999
S0734,19,7,0,0,1,62.7,63.5,1.4853754948354543,1.6183848589499046,0.7999999999999972
S0735,19,6,1,0,1,54.4,66.7,0.6797092682988581,1.8953827299631936,12.300000000000004
S0736,19,6,0,0,1,30.9,32.2,-1.601393903220419,-1.0910005668988243,1.3000000000000043
S0737,19,6,0,1,0,35.8,40.7,-1.1257596249036337,-0.35522497201977643,4.900000000000006
S0738,19,6,0,0,0,42.1,36.8,-0.5142298384963376,-0.6928161273172224,-5.300000000000004
S0739,19,6,1,0,0,54.6,53.6,0.6991229123117885,0.7614226955025432,-1.0
S0740,19,6,1,1,0,65.9,56.7,1.795993799042335,1.0297643830466665,-9.200000000000003
S0741,19,8,1,1,1,43.5,44.3,-0.37833433040582765,-0.04360236712982725,0.7999999999999972
S0742,19,7,1,0,0,54.2,54.3,0.6602956242859286,0.8220159797866996,0.09999999999999432
S0743,19,7,1,0,1,48.2,52.8,0.07788630389802803,0.6921732277492206,4.599999999999994
S0744,19,6,0,0,0,38.1,37.5,-0.902502718754938,-0.6322228430330653,-0.6000000000000014
S0745,19,8,0,0,1,46.1,44.4,-0.12595695823773728,-0.03494618366066186,-1.7000000000000028
S0746,19,7,0,0,0,50.5,46.9,0.30114321004672295,0.18145840306846986,-3.6000000000000014
S0747,20,6,1,1,0,56.1,47.4,0.8447252424087636,0.2247393204142962,-8.700000000000003
S0748,20,8,0,1,0,41.8,33.9,-0.5433503045157331,-0.9438454479230151,-7.899999999999999
S0749,20,7,1,0,0,46.9,30.4,-0.0483023821860175,-1.2468118693437995,-16.5
S0750,20,8,0,0,1,49.3,55.8,0.18466134596914258,0.9518587318241787,6.5
S0751,20,7,0,0,1,53.2,48.5,0.5632274042212785,0.31995733857511427,-4.700000000000003
S0752,20,8,1,1,1,52.7,49.0,0.5146932941889535,0.3632382559209406,-3.700000000000003
S0753,20,6,0,0,1,46.6,49.0,-0.07742284820541225,0.3632382559209406,2.3999999999999986
S0754,20,8,0,1,1,54.2,47.2,0.6602956242859286,0.20742695347596604,-7.0
S0755,20,8,0,1,1,48.8,53.2,0.13612723593681753,0.7267979616258822,4.400000000000006
S0757,20,8,1,1,1,45.0,44.5,-0.23273200030885252,-0.026290000191496465,-0.5
S0759,20,7,1,1,0,30.0,28.9,-1.6887553012786038,-1.3766546213812785,-1.1000000000000014
S0760,20,8,0,0,0,52.5,47.9,0.49527965017602316,0.26802023776012257,-4.600000000000001
S0761,20,6,0,0,0,55.9,46.1,0.8253115983958333,0.11220893531514796,-9.799999999999997
S0762,20,7,1,0,0,56.2,55.0,0.8544320644152288,0.8826092640708567,-1.2000000000000028
S0763,20,6,1,1,1,43.6,48.4,-0.36862750839936254,0.3113011551059489,4.799999999999997
S0764,20,6,1,1,1,30.7,29.1,-1.620807547233349,-1.3593422544429477,-1.5999999999999979
S0765,20,6,1,0,1,36.4,36.6,-1.0675186928648435,-0.7101284942555526,0.20000000000000284
S0766,20,6,1,0,0,29.4,34.5,-1.746996233317394,-0.8919083471080234,5.100000000000001
S0767,20,8,1,1,1,42.5,43.5,-0.47540255047047775,-0.11285183488314915,1.0
S0768,20,8,1,0,1,45.4,42.1,-0.19390471228299264,-0.2340384034514628,-3.299999999999997
S0769,20,6,0,0,1,58.2,66.1,1.048568504544529,1.843445629148201,7.8999999999999915
S0770,20,8,0,0,0,43.0,38.6,-0.4268684404381527,-0.5370048248722472,-4.399999999999999
S0771,20,7,1,0,1,36.5,47.4,-1.0578118708583784,0.2247393204142962,10.899999999999999
S0772,20,8,0,0,1,57.3,63.2,0.9612071064863433,1.592416308542409,5.900000000000006
S0773,20,7,1,0,0,49.6,48.3,0.21378181198853802,0.3026449716367835,-1.3000000000000043
S0774,20,7,0,1,0,34.0,33.4,-1.3004824210200034,-0.9871263652688415,-0.6000000000000014
S0775,20,8,1,1,0,51.1,41.4,0.35938414208551317,-0.29463168773561993,-9.700000000000003
S0776,20,6,0,0,0,26.7,35.3,-2.0090804274919494,-0.8226588793547015,8.599999999999998
S0777,20,8,0,1,1,52.7,44.9,0.5146932941889535,0.008334733685164486,-7.800000000000004
S0778,20,6,0,0,0,63.4,52.2,1.553323248880709,0.6402361269342295,-11.199999999999996
S0779,20,7,1,0,1,34.4,29.9,-1.2616551329941437,-1.290092786689626,-4.5
S0780,20,7,1,0,0,35.8,35.8,-1.1257596249036337,-0.7793779620088751,0.0
S0781,20,8,1,0,0,49.7,42.8,0.22348863399500316,-0.1734451191673063,-6.900000000000006
S0782,20,6,0,0,1,63.6,71.5,1.5727368928936394,2.3108795364831263,7.899999999999999
S0783,20,8,0,0,1,62.4,55.3,1.456255028816059,0.9085778144783523,-7.100000000000001
S0784,20,8,1,0,0,37.6,33.5,-0.951036828787263,-0.978470181799676,-4.100000000000001
S0785,20,6,1,0,0,48.4,51.9,0.09729994791095764,0.6142675765267334,3.5
S0786,20,7,0,1,0,48.6,40.9,0.11671359192388793,-0.33791260508144627,-7.700000000000003
