file,output,changes,title_before,title_after,title_source,lang_before,lang_after,title_bar_before,title_bar_after,ocr,tagged,still_to_do,checked_by_person,date
Fee-Schedule-2026.pdf,samples/fixes/basic-fixes/Fee-Schedule-2026.pdf,set language to en-US; title bar shows the title,Fee Schedule 2026,Fee Schedule 2026,kept (already set),,en-US,No,Yes,,No,"Still untagged: needs tags, reading order and alt text (rebuild from the Word file, or tag in Acrobat), then a person checks it",No,2026-10-07
budget-summary-fy2026.pdf,samples/fixes/basic-fixes/budget-summary-fy2026.pdf,set title; set language to en-US; title bar shows the title,untitled,Fiscal Year 2026 budget summary,link text (check),,en-US,No,Yes,,No,"Check the title; Still untagged: needs tags, reading order and alt text (rebuild from the Word file, or tag in Acrobat), then a person checks it",No,2026-10-07
building-permit-application.pdf,samples/fixes/basic-fixes/building-permit-application.pdf,set language to en-US; title bar shows the title,Building Permit Application,Building Permit Application,kept (already set),,en-US,No,Yes,,No,"Still untagged: needs tags, reading order and alt text (rebuild from the Word file, or tag in Acrobat), then a person checks it",No,2026-10-07
council-agenda-2026-03-10-print.pdf,,Skipped (suggested action: Delete),,,,,,,,,No,"Nothing, unless the client decides to keep it",No,2026-10-07
council-agenda-2026-03-10.pdf,samples/fixes/basic-fixes/council-agenda-2026-03-10.pdf,set title; set language to en-US; title bar shows the title,,"Council agenda, March 10, 2026",file name (check),,en-US,No,Yes,,No,"Check the title; Still untagged: needs tags, reading order and alt text (rebuild from the Word file, or tag in Acrobat), then a person checks it",No,2026-10-07
council-minutes-2026-02-10.pdf,samples/fixes/basic-fixes/council-minutes-2026-02-10.pdf,set title; set language to en-US; title bar shows the title,Minutes_Feb2026_FINAL,"Council minutes, February 10, 2026",file name (check),,en-US,No,Yes,,No,"Check the title; Still untagged: needs tags, reading order and alt text (rebuild from the Word file, or tag in Acrobat), then a person checks it",No,2026-10-07
planning-board-minutes-2019-06-18.pdf,,Skipped (suggested action: Archive),Planning Board Minutes June 2019,,,,,,,,No,"Nothing, unless the client decides to keep it",No,2026-10-07
public-hearing-notice-2026-04.pdf,samples/fixes/basic-fixes/public-hearing-notice-2026-04.pdf,set title; set language to en-US; title bar shows the title,,Notice of public hearing on Ordinance 2026-03,link text (check),,en-US,No,Yes,,No,"Check the title; Still untagged: needs tags, reading order and alt text (rebuild from the Word file, or tag in Acrobat), then a person checks it",No,2026-10-07
resolution-2026-14-signed.pdf,samples/fixes/basic-fixes/resolution-2026-14-signed.pdf,added OCR text layer; set title; set language to en-US; title bar shows the title,,"Resolution 2026-14, dump truck purchase (signed copy)",link text (check),,en-US,No,Yes,OCR done with ocrmypdf (tesseract language: eng),No,"Check the title; Check the OCR text against the scan (names, numbers, dates); Still untagged: needs tags, reading order and alt text (rebuild from the Word file, or tag in Acrobat), then a person checks it",No,2026-10-07
summer-recreation-guide-2026.pdf,samples/fixes/basic-fixes/summer-recreation-guide-2026.pdf,no change needed,Summer Recreation Guide 2026,Summer Recreation Guide 2026,kept (already set),en-US,en-US,Yes,Yes,,Yes,"A person checks reading order, alt text and tables (NVDA, plus PAC or Acrobat)",No,2026-10-07
water-quality-report-2025.pdf,samples/fixes/basic-fixes/water-quality-report-2025.pdf,no change needed,2025 Water Quality Report,2025 Water Quality Report,kept (already set),en-US,en-US,Yes,Yes,,Yes,"A person checks reading order, alt text and tables (NVDA, plus PAC or Acrobat)",No,2026-10-07
