student_id,school_id,student_name,parent_email,phone,home_address,dob,grade,female,low_income,tutoring,baseline_math,endline_math
S0001,1,Student 0001,parent0001@example.org,555-0101,1 Example Street,2011-05-01,6,0,1,1,36.9,37.9
S0002,1,Student 0002,parent0002@example.org,555-0102,2 Example Street,2010-09-16,6,1,0,0,48.8,40.1
S0003,1,Student 0003,parent0003@example.org,555-0103,3 Example Street,2009-04-23,8,1,0,0,55.3,49.1
S0004,1,Student 0004,parent0004@example.org,555-0104,4 Example Street,2010-01-25,7,1,1,1,52.4,50.5
S0005,1,Student 0005,parent0005@example.org,555-0105,5 Example Street,2010-08-16,7,0,0,1,45.1,47.8
S0006,1,Student 0006,parent0006@example.org,555-0106,6 Example Street,2011-08-14,6,1,1,0,42.4,46.0
S0007,1,Student 0007,parent0007@example.org,555-0107,7 Example Street,2011-07-06,6,0,1,1,26.3,26.2
S0008,1,Student 0008,parent0008@example.org,555-0108,8 Example Street,2009-06-01,8,0,0,0,50.9,47.3
S0009,1,Student 0009,parent0009@example.org,555-0109,9 Example Street,2008-09-23,8,0,1,0,49.1,44.7
S0010,1,Student 0010,parent0010@example.org,555-0110,10 Example Street,2010-06-05,7,1,1,1,53.1,52.1
S0011,1,Student 0011,parent0011@example.org,555-0111,11 Example Street,2010-07-29,7,1,0,1,56.4,
S0012,1,Student 0012,parent0012@example.org,555-0112,12 Example Street,2011-05-08,6,0,0,0,40.1,40.7
S0013,1,Student 0013,parent0013@example.org,555-0113,13 Example Street,2010-06-16,7,0,0,1,55.6,54.4
S0014,1,Student 0014,parent0014@example.org,555-0114,14 Example Street,2009-04-24,8,1,0,0,53.5,51.7
S0015,1,Student 0015,parent0015@example.org,555-0115,15 Example Street,2011-08-14,6,1,0,1,49.9,51.6
S0016,1,Student 0016,parent0016@example.org,555-0116,16 Example Street,2010-01-23,7,0,1,0,50.5,34.2
S0017,1,Student 0017,parent0017@example.org,555-0117,17 Example Street,2009-11-19,7,0,0,0,58.2,55.9
S0018,1,Student 0018,parent0018@example.org,555-0118,18 Example Street,2010-03-30,7,0,0,0,48.7,46.1
S0019,1,Student 0019,parent0019@example.org,555-0119,19 Example Street,2009-11-30,7,1,0,0,44.1,39.7
S0020,1,Student 0020,parent0020@example.org,555-0120,20 Example Street,2009-12-23,7,0,0,1,51.3,47.6
S0021,1,Student 0021,parent0021@example.org,555-0121,21 Example Street,2008-11-01,8,0,0,1,50.8,49.6
S0022,1,Student 0022,parent0022@example.org,555-0122,22 Example Street,2010-11-03,6,1,0,1,38.7,43.5
S0023,1,Student 0023,parent0023@example.org,555-0123,23 Example Street,2010-01-29,7,0,1,1,31.3,37.8
S0024,1,Student 0024,parent0024@example.org,555-0124,24 Example Street,2010-07-24,7,1,1,0,42.3,39.6
S0025,1,Student 0025,parent0025@example.org,555-0125,25 Example Street,2009-06-25,8,1,0,1,56.8,56.7
S0026,1,Student 0026,parent0026@example.org,555-0126,26 Example Street,2009-08-13,8,1,1,0,48.8,46.1
S0027,1,Student 0027,parent0027@example.org,555-0127,27 Example Street,2010-10-03,6,0,1,0,31.8,36.8
S0028,1,Student 0028,parent0028@example.org,555-0128,28 Example Street,2010-11-18,6,1,0,1,55.7,61.5
S0029,1,Student 0029,parent0029@example.org,555-0129,29 Example Street,2010-07-26,7,1,0,1,55.6,61.1
S0030,1,Student 0030,parent0030@example.org,555-0130,30 Example Street,2008-10-17,8,1,1,0,57.5,47.3
S0031,1,Student 0031,parent0031@example.org,555-0131,31 Example Street,2009-06-02,8,1,0,0,56.5,54.3
S0032,1,Student 0032,parent0032@example.org,555-0132,32 Example Street,2009-02-13,8,1,0,0,52.7,45.0
S0033,1,Student 0033,parent0033@example.org,555-0133,33 Example Street,2009-12-24,7,0,0,1,42.3,40.2
S0034,1,Student 0034,parent0034@example.org,555-0134,34 Example Street,2008-10-30,8,0,1,0,53.4,51.5
S0035,1,Student 0035,parent0035@example.org,555-0135,35 Example Street,2010-04-06,7,0,1,0,47.1,35.4
S0036,1,Student 0036,parent0036@example.org,555-0136,36 Example Street,2010-12-21,6,1,1,1,41.6,49.4
S0037,1,Student 0037,parent0037@example.org,555-0137,37 Example Street,2010-01-04,7,0,1,1,17.9,18.8
S0038,1,Student 0038,parent0038@example.org,555-0138,38 Example Street,2009-03-03,8,0,1,1,60.4,59.0
S0039,1,Student 0039,parent0039@example.org,555-0139,39 Example Street,2011-06-03,6,1,1,0,49.2,47.6
S0040,1,Student 0040,parent0040@example.org,555-0140,40 Example Street,2008-12-22,8,0,1,1,38.8,38.8
S0041,1,Student 0041,parent0041@example.org,555-0141,41 Example Street,2008-12-31,8,1,0,1,50.0,55.7
S0042,1,Student 0042,parent0042@example.org,555-0142,42 Example Street,2010-06-01,7,1,0,0,51.9,43.7
S0043,1,Student 0043,parent0043@example.org,555-0143,43 Example Street,2010-02-12,7,0,0,0,51.1,58.2
S0044,1,Student 0044,parent0044@example.org,555-0144,44 Example Street,2010-04-09,7,0,0,1,59.9,64.6
S0045,1,Student 0045,parent0045@example.org,555-0145,45 Example Street,2009-11-15,7,0,1,1,45.4,45.6
S0046,1,Student 0046,parent0046@example.org,555-0146,46 Example Street,2009-10-08,7,1,1,0,41.5,49.4
S0047,2,Student 0047,parent0047@example.org,555-0147,47 Example Street,2010-09-12,6,1,1,1,53.1,45.5
S0048,2,Student 0048,parent0048@example.org,555-0148,48 Example Street,2009-08-30,8,0,0,0,69.2,61.9
S0049,2,Student 0049,parent0049@example.org,555-0149,49 Example Street,2009-10-16,7,1,0,1,61.9,65.7
S0050,2,Student 0050,parent0050@example.org,555-0150,50 Example Street,2010-02-24,7,1,0,0,46.8,45.7
S0051,2,Student 0051,parent0051@example.org,555-0151,51 Example Street,2009-03-08,8,0,0,1,50.9,53.2
S0052,2,Student 0052,parent0052@example.org,555-0152,52 Example Street,2009-11-05,7,1,1,1,48.1,35.0
S0053,2,Student 0053,parent0053@example.org,555-0153,53 Example Street,2009-08-21,8,1,0,1,36.2,35.9
S0054,2,Student 0054,parent0054@example.org,555-0154,54 Example Street,2008-12-25,8,0,1,0,40.6,30.3
S0055,2,Student 0055,parent0055@example.org,555-0155,55 Example Street,2011-06-05,6,0,0,1,35.3,43.5
S0056,2,Student 0056,parent0056@example.org,555-0156,56 Example Street,2009-05-27,8,1,1,0,46.4,40.3
S0057,2,Student 0057,parent0057@example.org,555-0157,57 Example Street,2009-04-06,8,1,0,1,49.9,51.0
S0058,2,Student 0058,parent0058@example.org,555-0158,58 Example Street,2011-08-19,6,0,0,1,49.1,46.4
S0059,2,Student 0059,parent0059@example.org,555-0159,59 Example Street,2009-04-23,8,0,1,1,54.9,54.8
S0060,2,Student 0060,parent0060@example.org,555-0160,60 Example Street,2009-01-01,8,0,1,0,44.2,38.6
S0061,2,Student 0061,parent0061@example.org,555-0161,61 Example Street,2009-05-24,8,1,0,0,45.8,44.6
S0062,2,Student 0062,parent0062@example.org,555-0162,62 Example Street,2010-03-11,7,0,1,1,54.3,53.6
S0063,2,Student 0063,parent0063@example.org,555-0163,63 Example Street,2009-09-15,7,1,0,1,43.8,39.6
S0064,2,Student 0064,parent0064@example.org,555-0164,64 Example Street,2010-11-21,6,1,0,0,53.6,41.1
S0065,2,Student 0065,parent0065@example.org,555-0165,65 Example Street,2009-05-17,8,0,0,0,47.0,53.2
S0066,2,Student 0066,parent0066@example.org,555-0166,66 Example Street,2010-05-06,7,0,1,1,49.9,46.9
S0067,2,Student 0067,parent0067@example.org,555-0167,67 Example Street,2009-01-17,8,1,0,0,52.1,54.7
S0068,2,Student 0068,parent0068@example.org,555-0168,68 Example Street,2009-01-18,8,0,0,1,41.9,
S0069,2,Student 0069,parent0069@example.org,555-0169,69 Example Street,2009-01-21,8,0,0,0,41.8,35.4
S0070,2,Student 0070,parent0070@example.org,555-0170,70 Example Street,2011-04-02,6,1,1,1,46.9,41.1
S0071,2,Student 0071,parent0071@example.org,555-0171,71 Example Street,2010-08-31,7,1,1,0,28.1,38.3
S0072,2,Student 0072,parent0072@example.org,555-0172,72 Example Street,2011-07-22,6,1,1,1,42.1,53.0
S0073,2,Student 0073,parent0073@example.org,555-0173,73 Example Street,2010-09-27,6,0,1,0,32.5,22.4
S0074,2,Student 0074,parent0074@example.org,555-0174,74 Example Street,2011-06-30,6,0,0,0,42.4,48.7
S0075,2,Student 0075,parent0075@example.org,555-0175,75 Example Street,2010-03-19,7,1,1,0,34.9,
S0076,2,Student 0076,parent0076@example.org,555-0176,76 Example Street,2011-05-26,6,0,1,0,38.0,29.9
S0077,2,Student 0077,parent0077@example.org,555-0177,77 Example Street,2010-04-23,7,1,0,0,47.8,38.6
S0078,2,Student 0078,parent0078@example.org,555-0178,78 Example Street,2009-04-19,8,1,0,1,50.4,45.5
S0079,2,Student 0079,parent0079@example.org,555-0179,79 Example Street,2009-09-25,7,1,0,0,39.2,41.7
S0080,2,Student 0080,parent0080@example.org,555-0180,80 Example Street,2010-12-27,6,0,0,0,37.1,34.4
S0081,2,Student 0081,parent0081@example.org,555-0181,81 Example Street,2009-06-08,8,0,1,0,48.2,35.7
S0082,2,Student 0082,parent0082@example.org,555-0182,82 Example Street,2010-10-22,6,1,0,1,47.0,46.3
S0083,2,Student 0083,parent0083@example.org,555-0183,83 Example Street,2008-12-13,8,0,1,0,42.6,39.6
S0084,2,Student 0084,parent0084@example.org,555-0184,84 Example Street,2008-09-06,8,1,1,1,46.3,42.6
S0085,2,Student 0085,parent0085@example.org,555-0185,85 Example Street,2010-04-14,7,1,1,1,47.2,48.2
S0086,3,Student 0086,parent0086@example.org,555-0186,86 Example Street,2009-03-12,8,0,1,0,55.1,52.3
S0087,3,Student 0087,parent0087@example.org,555-0187,87 Example Street,2010-09-06,6,1,1,1,50.8,57.4
S0088,3,Student 0088,parent0088@example.org,555-0188,88 Example Street,2010-10-04,6,0,0,1,34.8,
S0089,3,Student 0089,parent0089@example.org,555-0189,89 Example Street,2008-11-23,8,1,1,1,46.1,41.8
S0090,3,Student 0090,parent0090@example.org,555-0190,90 Example Street,2011-03-08,6,0,1,0,40.1,38.8
S0091,3,Student 0091,parent0091@example.org,555-0191,91 Example Street,2010-11-11,6,0,1,1,51.7,61.5
S0092,3,Student 0092,parent0092@example.org,555-0192,92 Example Street,2011-05-16,6,0,0,0,44.7,44.0
S0093,3,Student 0093,parent0093@example.org,555-0193,93 Example Street,2009-02-26,8,1,0,1,57.3,66.1
S0094,3,Student 0094,parent0094@example.org,555-0194,94 Example Street,2008-11-23,8,0,1,1,49.8,54.4
S0095,3,Student 0095,parent0095@example.org,555-0195,95 Example Street,2011-01-18,6,0,1,1,39.6,31.9
S0096,3,Student 0096,parent0096@example.org,555-0196,96 Example Street,2011-05-16,6,1,1,0,54.8,50.3
S0097,3,Student 0097,parent0097@example.org,555-0197,97 Example Street,2010-09-29,6,1,1,0,39.2,42.6
S0098,3,Student 0098,parent0098@example.org,555-0198,98 Example Street,2010-07-05,7,0,1,0,56.8,49.3
S0099,3,Student 0099,parent0099@example.org,555-0199,99 Example Street,2010-03-26,7,0,0,1,53.1,55.3
S0100,3,Student 0100,parent0100@example.org,555-0100,100 Example Street,2009-06-02,8,1,1,1,55.6,50.1
S0101,3,Student 0101,parent0101@example.org,555-0101,101 Example Street,2008-09-26,8,1,1,1,50.3,51.8
S0102,3,Student 0102,parent0102@example.org,555-0102,102 Example Street,2010-05-09,7,0,0,0,49.3,42.0
S0103,3,Student 0103,parent0103@example.org,555-0103,103 Example Street,2009-06-10,8,0,0,1,53.6,58.6
S0104,3,Student 0104,parent0104@example.org,555-0104,104 Example Street,2010-07-05,7,1,0,0,61.1,58.0
S0105,3,Student 0105,parent0105@example.org,555-0105,105 Example Street,2008-11-03,8,1,1,0,62.5,61.2
S0106,3,Student 0106,parent0106@example.org,555-0106,106 Example Street,2010-05-22,7,1,0,1,57.6,62.4
S0107,3,Student 0107,parent0107@example.org,555-0107,107 Example Street,2011-02-27,6,0,0,1,53.5,58.4
S0108,3,Student 0108,parent0108@example.org,555-0108,108 Example Street,2010-04-02,7,0,1,0,45.6,39.9
S0109,3,Student 0109,parent0109@example.org,555-0109,109 Example Street,2009-06-25,8,1,1,1,61.6,72.0
S0110,3,Student 0110,parent0110@example.org,555-0110,110 Example Street,2011-03-19,6,0,1,0,41.0,40.1
S0111,3,Student 0111,parent0111@example.org,555-0111,111 Example Street,2010-11-11,6,1,0,1,48.6,48.7
S0112,3,Student 0112,parent0112@example.org,555-0112,112 Example Street,2011-01-27,6,1,1,0,45.3,54.7
S0113,3,Student 0113,parent0113@example.org,555-0113,113 Example Street,2009-11-18,7,1,1,0,61.5,57.1
S0114,3,Student 0114,parent0114@example.org,555-0114,114 Example Street,2009-09-22,7,0,1,0,47.8,38.9
S0115,3,Student 0115,parent0115@example.org,555-0115,115 Example Street,2009-05-07,8,1,1,0,56.3,57.3
S0116,3,Student 0116,parent0116@example.org,555-0116,116 Example Street,2010-11-17,6,0,0,1,50.6,61.2
S0117,3,Student 0117,parent0117@example.org,555-0117,117 Example Street,2011-08-02,6,0,1,1,28.0,27.1
S0118,3,Student 0118,parent0118@example.org,555-0118,118 Example Street,2011-07-03,6,0,0,1,35.4,43.5
S0119,3,Student 0119,parent0119@example.org,555-0119,119 Example Street,2010-01-14,7,0,0,0,33.9,32.8
S0120,3,Student 0120,parent0120@example.org,555-0120,120 Example Street,2009-12-20,7,0,0,0,66.8,61.9
S0121,3,Student 0121,parent0121@example.org,555-0121,121 Example Street,2008-11-19,8,0,1,0,55.5,48.0
S0122,4,Student 0122,parent0122@example.org,555-0122,122 Example Street,2009-11-23,7,1,1,1,61.2,48.5
S0123,4,Student 0123,parent0123@example.org,555-0123,123 Example Street,2008-11-08,8,1,0,1,40.7,38.5
S0124,4,Student 0124,parent0124@example.org,555-0124,124 Example Street,2009-06-20,8,1,0,0,32.1,
S0125,4,Student 0125,parent0125@example.org,555-0125,125 Example Street,2010-01-19,7,0,0,1,49.3,
S0126,4,Student 0126,parent0126@example.org,555-0126,126 Example Street,2011-03-05,6,0,1,1,24.6,18.2
S0127,4,Student 0127,parent0127@example.org,555-0127,127 Example Street,2011-04-06,6,0,1,0,43.5,
S0128,4,Student 0128,parent0128@example.org,555-0128,128 Example Street,2011-02-01,6,0,0,1,38.3,38.2
S0129,4,Student 0129,parent0129@example.org,555-0129,129 Example Street,2010-12-05,6,1,1,0,35.2,30.5
S0130,4,Student 0130,parent0130@example.org,555-0130,130 Example Street,2011-03-09,6,0,1,0,42.9,48.6
S0131,4,Student 0131,parent0131@example.org,555-0131,131 Example Street,2009-05-26,8,0,0,0,36.7,31.6
S0132,4,Student 0132,parent0132@example.org,555-0132,132 Example Street,2008-12-21,8,0,0,0,42.6,38.0
S0133,4,Student 0133,parent0133@example.org,555-0133,133 Example Street,2011-04-25,6,1,0,1,30.4,28.4
S0134,4,Student 0134,parent0134@example.org,555-0134,134 Example Street,2011-08-25,6,1,0,0,49.3,57.2
S0135,4,Student 0135,parent0135@example.org,555-0135,135 Example Street,2009-11-22,7,1,0,0,43.0,47.3
S0136,4,Student 0136,parent0136@example.org,555-0136,136 Example Street,2009-07-14,8,0,0,0,46.8,36.8
S0137,4,Student 0137,parent0137@example.org,555-0137,137 Example Street,2009-05-25,8,0,1,0,36.4,17.7
S0138,4,Student 0138,parent0138@example.org,555-0138,138 Example Street,2010-11-28,6,0,0,1,48.4,42.1
S0139,4,Student 0139,parent0139@example.org,555-0139,139 Example Street,2011-07-16,6,1,1,1,45.8,33.1
S0140,4,Student 0140,parent0140@example.org,555-0140,140 Example Street,2009-12-23,7,1,0,1,41.2,31.3
S0141,4,Student 0141,parent0141@example.org,555-0141,141 Example Street,2009-12-30,7,0,0,1,45.7,46.8
S0142,4,Student 0142,parent0142@example.org,555-0142,142 Example Street,2011-08-31,6,1,1,0,30.7,26.4
S0143,4,Student 0143,parent0143@example.org,555-0143,143 Example Street,2011-05-24,6,0,1,1,37.0,38.9
S0144,4,Student 0144,parent0144@example.org,555-0144,144 Example Street,2010-04-20,7,0,1,0,45.4,36.2
S0145,4,Student 0145,parent0145@example.org,555-0145,145 Example Street,2010-02-28,7,0,0,0,48.1,46.6
S0146,4,Student 0146,parent0146@example.org,555-0146,146 Example Street,2010-03-31,7,1,1,1,37.4,40.5
S0147,4,Student 0147,parent0147@example.org,555-0147,147 Example Street,2008-11-01,8,0,0,0,43.0,32.3
S0148,4,Student 0148,parent0148@example.org,555-0148,148 Example Street,2008-09-19,8,1,0,0,44.9,42.5
S0149,4,Student 0149,parent0149@example.org,555-0149,149 Example Street,2010-05-25,7,1,1,0,37.3,35.0
S0150,4,Student 0150,parent0150@example.org,555-0150,150 Example Street,2010-12-01,6,1,1,0,35.8,25.0
S0151,4,Student 0151,parent0151@example.org,555-0151,151 Example Street,2010-08-10,7,1,1,1,41.3,40.0
S0152,4,Student 0152,parent0152@example.org,555-0152,152 Example Street,2010-02-17,7,0,1,1,46.7,37.9
S0153,4,Student 0153,parent0153@example.org,555-0153,153 Example Street,2009-09-05,7,0,0,1,39.5,26.4
S0154,4,Student 0154,parent0154@example.org,555-0154,154 Example Street,2008-12-27,8,1,1,0,34.7,28.1
S0155,4,Student 0155,parent0155@example.org,555-0155,155 Example Street,2011-06-23,6,1,0,1,20.7,15.9
S0156,4,Student 0156,parent0156@example.org,555-0156,156 Example Street,2008-12-27,8,0,0,1,47.8,42.3
S0157,4,Student 0157,parent0157@example.org,555-0157,157 Example Street,2009-11-17,7,0,1,1,39.2,29.6
S0158,4,Student 0158,parent0158@example.org,555-0158,158 Example Street,2009-06-21,8,0,1,1,56.8,38.5
S0159,4,Student 0159,parent0159@example.org,555-0159,159 Example Street,2010-01-19,7,0,1,0,35.7,21.6
S0160,4,Student 0160,parent0160@example.org,555-0160,160 Example Street,2009-06-17,8,1,0,1,37.2,33.3
S0161,4,Student 0161,parent0161@example.org,555-0161,161 Example Street,2009-01-30,8,1,0,1,52.9,46.7
S0162,4,Student 0162,parent0162@example.org,555-0162,162 Example Street,2010-03-13,7,1,0,0,48.8,39.2
S0163,4,Student 0163,parent0163@example.org,555-0163,163 Example Street,2010-05-11,7,1,0,0,49.9,50.8
S0164,4,Student 0164,parent0164@example.org,555-0164,164 Example Street,2010-06-01,7,1,1,0,51.3,29.1
S0165,5,Student 0165,parent0165@example.org,555-0165,165 Example Street,2008-11-11,8,1,1,0,37.3,34.8
S0166,5,Student 0166,parent0166@example.org,555-0166,166 Example Street,2008-09-05,8,1,1,1,52.6,52.9
S0167,5,Student 0167,parent0167@example.org,555-0167,167 Example Street,2009-06-05,8,0,1,0,38.3,43.7
S0168,5,Student 0168,parent0168@example.org,555-0168,168 Example Street,2009-04-07,8,1,1,0,49.5,41.2
S0169,5,Student 0169,parent0169@example.org,555-0169,169 Example Street,2011-08-14,6,1,1,1,24.0,26.2
S0170,5,Student 0170,parent0170@example.org,555-0170,170 Example Street,2009-02-19,8,0,0,1,68.1,66.9
S0171,5,Student 0171,parent0171@example.org,555-0171,171 Example Street,2011-07-01,6,1,0,1,57.8,57.5
S0172,5,Student 0172,parent0172@example.org,555-0172,172 Example Street,2011-06-15,6,1,0,0,46.6,38.8
S0173,5,Student 0173,parent0173@example.org,555-0173,173 Example Street,2011-07-21,6,1,1,1,28.8,25.4
S0174,5,Student 0174,parent0174@example.org,555-0174,174 Example Street,2011-04-22,6,0,0,0,41.7,35.0
S0175,5,Student 0175,parent0175@example.org,555-0175,175 Example Street,2009-08-28,8,1,0,1,43.0,41.8
S0176,5,Student 0176,parent0176@example.org,555-0176,176 Example Street,2009-03-22,8,1,0,1,35.7,31.0
S0177,5,Student 0177,parent0177@example.org,555-0177,177 Example Street,2011-05-18,6,1,0,1,42.7,39.0
S0178,5,Student 0178,parent0178@example.org,555-0178,178 Example Street,2009-09-01,7,1,0,0,47.8,40.4
S0179,5,Student 0179,parent0179@example.org,555-0179,179 Example Street,2009-08-01,8,0,0,1,47.6,53.2
S0180,5,Student 0180,parent0180@example.org,555-0180,180 Example Street,2008-10-07,8,0,1,0,46.5,47.5
S0181,5,Student 0181,parent0181@example.org,555-0181,181 Example Street,2011-03-10,6,0,1,1,26.4,22.8
S0182,5,Student 0182,parent0182@example.org,555-0182,182 Example Street,2011-08-01,6,1,1,1,40.4,35.4
S0183,5,Student 0183,parent0183@example.org,555-0183,183 Example Street,2009-05-26,8,1,1,1,63.9,60.1
S0184,5,Student 0184,parent0184@example.org,555-0184,184 Example Street,2009-04-28,8,0,1,1,59.8,57.9
S0185,5,Student 0185,parent0185@example.org,555-0185,185 Example Street,2009-03-14,8,1,0,1,46.0,44.6
S0186,5,Student 0186,parent0186@example.org,555-0186,186 Example Street,2009-05-21,8,0,0,0,62.8,66.1
S0187,5,Student 0187,parent0187@example.org,555-0187,187 Example Street,2009-08-21,8,1,0,0,48.6,51.8
S0188,5,Student 0188,parent0188@example.org,555-0188,188 Example Street,2010-04-13,7,0,0,1,51.1,56.1
S0189,5,Student 0189,parent0189@example.org,555-0189,189 Example Street,2010-01-29,7,1,0,0,45.0,37.3
S0190,5,Student 0190,parent0190@example.org,555-0190,190 Example Street,2010-02-08,7,1,0,0,67.3,59.5
S0191,5,Student 0191,parent0191@example.org,555-0191,191 Example Street,2011-07-27,6,1,0,0,53.2,47.2
S0192,5,Student 0192,parent0192@example.org,555-0192,192 Example Street,2008-10-21,8,0,0,0,55.1,50.8
S0193,5,Student 0193,parent0193@example.org,555-0193,193 Example Street,2008-12-29,8,0,1,0,47.0,47.3
S0194,5,Student 0194,parent0194@example.org,555-0194,194 Example Street,2008-09-23,8,0,0,1,47.3,50.4
S0195,5,Student 0195,parent0195@example.org,555-0195,195 Example Street,2009-10-01,7,0,0,1,62.7,61.5
S0196,5,Student 0196,parent0196@example.org,555-0196,196 Example Street,2009-05-23,8,1,0,0,44.5,50.1
S0197,5,Student 0197,parent0197@example.org,555-0197,197 Example Street,2009-04-16,8,0,0,1,50.3,50.4
S0198,5,Student 0198,parent0198@example.org,555-0198,198 Example Street,2010-05-13,7,1,1,1,29.8,32.9
S0199,5,Student 0199,parent0199@example.org,555-0199,199 Example Street,2011-04-21,6,0,1,1,49.0,37.8
S0200,5,Student 0200,parent0200@example.org,555-0100,200 Example Street,2011-02-15,6,0,1,1,18.8,17.1
S0201,5,Student 0201,parent0201@example.org,555-0101,201 Example Street,2010-09-27,6,0,0,0,33.4,41.5
S0202,5,Student 0202,parent0202@example.org,555-0102,202 Example Street,2009-10-17,7,0,1,0,53.0,64.3
S0203,5,Student 0203,parent0203@example.org,555-0103,203 Example Street,2010-12-26,6,1,0,0,58.1,46.9
S0204,5,Student 0204,parent0204@example.org,555-0104,204 Example Street,2009-10-22,7,0,1,0,48.6,39.8
S0205,5,Student 0205,parent0205@example.org,555-0105,205 Example Street,2008-10-19,8,1,0,0,40.7,36.6
S0206,5,Student 0206,parent0206@example.org,555-0106,206 Example Street,2009-08-26,8,0,0,0,55.8,64.0
S0207,6,Student 0207,parent0207@example.org,555-0107,207 Example Street,2008-12-16,8,0,0,0,65.3,69.7
S0208,6,Student 0208,parent0208@example.org,555-0108,208 Example Street,2010-08-29,7,1,1,1,43.2,29.9
S0209,6,Student 0209,parent0209@example.org,555-0109,209 Example Street,2009-10-21,7,0,0,0,66.9,73.2
S0210,6,Student 0210,parent0210@example.org,555-0110,210 Example Street,2010-05-23,7,1,1,0,29.8,20.9
S0211,6,Student 0211,parent0211@example.org,555-0111,211 Example Street,2009-06-01,8,0,0,0,74.0,77.5
S0212,6,Student 0212,parent0212@example.org,555-0112,212 Example Street,2011-07-31,6,1,1,1,54.8,47.5
S0213,6,Student 0213,parent0213@example.org,555-0113,213 Example Street,2009-06-29,8,1,0,1,49.9,53.6
S0214,6,Student 0214,parent0214@example.org,555-0114,214 Example Street,2011-03-21,6,1,1,1,67.9,68.9
S0215,6,Student 0215,parent0215@example.org,555-0115,215 Example Street,2010-05-05,7,0,0,1,50.6,57.3
S0216,6,Student 0216,parent0216@example.org,555-0116,216 Example Street,2010-12-17,6,0,1,0,43.0,31.6
S0217,6,Student 0217,parent0217@example.org,555-0117,217 Example Street,2010-07-13,7,1,0,1,54.6,58.9
S0218,6,Student 0218,parent0218@example.org,555-0118,218 Example Street,2010-02-07,7,1,0,1,69.0,73.6
S0219,6,Student 0219,parent0219@example.org,555-0119,219 Example Street,2010-03-11,7,1,1,1,43.7,28.8
S0220,6,Student 0220,parent0220@example.org,555-0120,220 Example Street,2008-10-10,8,0,0,0,54.7,54.0
S0221,6,Student 0221,parent0221@example.org,555-0121,221 Example Street,2011-03-15,6,1,0,0,61.4,59.9
S0222,6,Student 0222,parent0222@example.org,555-0122,222 Example Street,2009-06-12,8,0,0,0,45.4,53.4
S0223,6,Student 0223,parent0223@example.org,555-0123,223 Example Street,2010-11-15,6,0,0,0,47.5,44.1
S0224,6,Student 0224,parent0224@example.org,555-0124,224 Example Street,2009-01-10,8,0,0,1,48.5,52.3
S0225,6,Student 0225,parent0225@example.org,555-0125,225 Example Street,2009-07-06,8,1,1,1,52.3,51.8
S0226,6,Student 0226,parent0226@example.org,555-0126,226 Example Street,2010-03-08,7,0,1,1,40.6,40.1
S0227,6,Student 0227,parent0227@example.org,555-0127,227 Example Street,2011-07-13,6,1,0,0,39.7,50.8
S0228,6,Student 0228,parent0228@example.org,555-0128,228 Example Street,2009-04-27,8,1,0,0,54.4,57.8
S0229,6,Student 0229,parent0229@example.org,555-0129,229 Example Street,2011-04-21,6,1,1,1,50.4,55.8
S0230,6,Student 0230,parent0230@example.org,555-0130,230 Example Street,2009-07-21,8,1,1,0,46.4,41.4
S0231,6,Student 0231,parent0231@example.org,555-0131,231 Example Street,2011-07-09,6,0,1,0,64.9,67.6
S0232,6,Student 0232,parent0232@example.org,555-0132,232 Example Street,2011-04-17,6,0,1,0,50.4,37.9
S0233,6,Student 0233,parent0233@example.org,555-0133,233 Example Street,2009-04-03,8,1,0,1,60.1,60.2
S0234,6,Student 0234,parent0234@example.org,555-0134,234 Example Street,2010-05-21,7,0,0,1,51.8,50.9
S0235,6,Student 0235,parent0235@example.org,555-0135,235 Example Street,2010-07-19,7,0,0,0,61.7,51.6
S0236,6,Student 0236,parent0236@example.org,555-0136,236 Example Street,2011-01-22,6,1,1,1,36.8,36.8
S0237,6,Student 0237,parent0237@example.org,555-0137,237 Example Street,2010-10-03,6,1,0,0,51.7,60.7
S0238,6,Student 0238,parent0238@example.org,555-0138,238 Example Street,2009-04-14,8,0,0,1,65.4,65.0
S0239,6,Student 0239,parent0239@example.org,555-0139,239 Example Street,2010-08-24,7,1,1,1,49.7,43.6
S0240,6,Student 0240,parent0240@example.org,555-0140,240 Example Street,2010-05-28,7,1,1,0,43.5,42.8
S0241,7,Student 0241,parent0241@example.org,555-0141,241 Example Street,2009-01-04,8,0,0,1,58.3,65.3
S0242,7,Student 0242,parent0242@example.org,555-0142,242 Example Street,2010-05-27,7,0,1,0,41.4,35.2
S0243,7,Student 0243,parent0243@example.org,555-0143,243 Example Street,2010-02-06,7,0,0,1,46.6,49.6
S0244,7,Student 0244,parent0244@example.org,555-0144,244 Example Street,2010-06-13,7,1,1,0,41.1,
S0245,7,Student 0245,parent0245@example.org,555-0145,245 Example Street,2009-08-23,8,1,0,0,66.5,60.5
S0246,7,Student 0246,parent0246@example.org,555-0146,246 Example Street,2011-08-08,6,1,1,0,65.9,59.1
S0247,7,Student 0247,parent0247@example.org,555-0147,247 Example Street,2011-06-13,6,0,0,1,52.0,65.8
S0248,7,Student 0248,parent0248@example.org,555-0148,248 Example Street,2009-05-15,8,1,1,0,39.3,38.2
S0249,7,Student 0249,parent0249@example.org,555-0149,249 Example Street,2008-12-15,8,0,1,0,48.8,44.0
S0250,7,Student 0250,parent0250@example.org,555-0150,250 Example Street,2010-10-26,6,0,1,0,37.9,39.1
S0251,7,Student 0251,parent0251@example.org,555-0151,251 Example Street,2009-11-13,7,0,0,1,52.8,61.2
S0252,7,Student 0252,parent0252@example.org,555-0152,252 Example Street,2011-03-02,6,1,0,1,57.3,49.6
S0253,7,Student 0253,parent0253@example.org,555-0153,253 Example Street,2011-02-13,6,1,1,1,41.6,44.1
S0254,7,Student 0254,parent0254@example.org,555-0154,254 Example Street,2011-06-13,6,1,1,1,42.6,37.4
S0255,7,Student 0255,parent0255@example.org,555-0155,255 Example Street,2009-01-15,8,0,0,0,61.4,52.8
S0256,7,Student 0256,parent0256@example.org,555-0156,256 Example Street,2009-02-12,8,1,1,1,63.4,59.2
S0257,7,Student 0257,parent0257@example.org,555-0157,257 Example Street,2009-04-30,8,0,1,0,61.8,58.4
S0258,7,Student 0258,parent0258@example.org,555-0158,258 Example Street,2010-10-04,6,0,1,0,47.8,46.3
S0259,7,Student 0259,parent0259@example.org,555-0159,259 Example Street,2011-07-27,6,0,1,1,52.1,54.1
S0260,7,Student 0260,parent0260@example.org,555-0160,260 Example Street,2011-08-17,6,1,1,1,39.4,42.2
S0261,7,Student 0261,parent0261@example.org,555-0161,261 Example Street,2009-09-28,7,0,0,0,36.7,42.0
S0262,7,Student 0262,parent0262@example.org,555-0162,262 Example Street,2008-12-29,8,0,0,0,76.5,66.7
S0263,7,Student 0263,parent0263@example.org,555-0163,263 Example Street,2009-08-11,8,1,1,1,67.8,61.6
S0264,7,Student 0264,parent0264@example.org,555-0164,264 Example Street,2009-03-26,8,1,0,1,66.7,61.1
S0265,7,Student 0265,parent0265@example.org,555-0165,265 Example Street,2011-01-04,6,0,1,0,40.2,
S0266,7,Student 0266,parent0266@example.org,555-0166,266 Example Street,2008-12-17,8,0,1,0,56.7,46.0
S0267,7,Student 0267,parent0267@example.org,555-0167,267 Example Street,2009-04-05,8,0,0,0,65.4,63.1
S0268,7,Student 0268,parent0268@example.org,555-0168,268 Example Street,2008-12-16,8,1,0,1,57.3,65.2
S0269,7,Student 0269,parent0269@example.org,555-0169,269 Example Street,2009-02-26,8,1,1,1,56.4,62.3
S0270,7,Student 0270,parent0270@example.org,555-0170,270 Example Street,2009-08-11,8,1,0,0,36.8,44.5
S0271,7,Student 0271,parent0271@example.org,555-0171,271 Example Street,2011-07-03,6,0,0,1,39.9,41.0
S0272,7,Student 0272,parent0272@example.org,555-0172,272 Example Street,2010-11-18,6,1,1,1,36.7,
S0273,7,Student 0273,parent0273@example.org,555-0173,273 Example Street,2009-08-10,8,1,1,1,54.5,55.7
S0274,7,Student 0274,parent0274@example.org,555-0174,274 Example Street,2008-12-31,8,1,0,0,66.4,58.9
S0275,7,Student 0275,parent0275@example.org,555-0175,275 Example Street,2011-02-19,6,0,1,1,66.5,66.4
S0276,7,Student 0276,parent0276@example.org,555-0176,276 Example Street,2010-03-15,7,1,0,1,64.1,60.7
S0277,7,Student 0277,parent0277@example.org,555-0177,277 Example Street,2010-03-13,7,1,0,0,58.4,44.4
S0278,7,Student 0278,parent0278@example.org,555-0178,278 Example Street,2010-03-16,7,1,0,1,42.2,49.1
S0279,7,Student 0279,parent0279@example.org,555-0179,279 Example Street,2010-06-14,7,0,1,0,52.5,
S0280,7,Student 0280,parent0280@example.org,555-0180,280 Example Street,2009-11-24,7,1,1,0,46.6,38.7
S0281,8,Student 0281,parent0281@example.org,555-0181,281 Example Street,2009-08-04,8,1,0,0,48.3,48.6
S0282,8,Student 0282,parent0282@example.org,555-0182,282 Example Street,2009-02-18,8,0,1,0,49.5,39.8
S0283,8,Student 0283,parent0283@example.org,555-0183,283 Example Street,2008-12-08,8,0,1,1,48.8,54.7
S0284,8,Student 0284,parent0284@example.org,555-0184,284 Example Street,2010-07-19,7,0,1,1,60.5,60.5
S0285,8,Student 0285,parent0285@example.org,555-0185,285 Example Street,2010-06-11,7,0,0,1,50.0,52.0
S0286,8,Student 0286,parent0286@example.org,555-0186,286 Example Street,2009-06-06,8,1,0,0,69.5,69.4
S0287,8,Student 0287,parent0287@example.org,555-0187,287 Example Street,2011-05-29,6,1,1,0,50.2,50.7
S0288,8,Student 0288,parent0288@example.org,555-0188,288 Example Street,2009-03-03,8,1,1,1,59.7,53.5
S0289,8,Student 0289,parent0289@example.org,555-0189,289 Example Street,2009-10-30,7,1,1,1,61.8,54.6
S0290,8,Student 0290,parent0290@example.org,555-0190,290 Example Street,2011-08-22,6,0,0,0,48.4,44.2
S0291,8,Student 0291,parent0291@example.org,555-0191,291 Example Street,2010-12-13,6,0,0,1,34.1,38.2
S0292,8,Student 0292,parent0292@example.org,555-0192,292 Example Street,2009-12-24,7,0,1,1,41.1,47.5
S0293,8,Student 0293,parent0293@example.org,555-0193,293 Example Street,2009-08-12,8,1,1,0,39.5,43.3
S0294,8,Student 0294,parent0294@example.org,555-0194,294 Example Street,2011-01-18,6,1,0,0,41.7,38.4
S0295,8,Student 0295,parent0295@example.org,555-0195,295 Example Street,2009-02-27,8,0,0,1,51.8,50.9
S0296,8,Student 0296,parent0296@example.org,555-0196,296 Example Street,2010-04-17,7,1,1,1,58.7,54.6
S0297,8,Student 0297,parent0297@example.org,555-0197,297 Example Street,2011-06-18,6,1,0,0,51.9,46.8
S0298,8,Student 0298,parent0298@example.org,555-0198,298 Example Street,2010-03-19,7,0,0,1,60.9,64.5
S0299,8,Student 0299,parent0299@example.org,555-0199,299 Example Street,2009-01-09,8,1,1,0,42.0,43.3
S0300,8,Student 0300,parent0300@example.org,555-0100,300 Example Street,2009-10-15,7,1,0,0,48.4,49.5
S0301,8,Student 0301,parent0301@example.org,555-0101,301 Example Street,2009-11-16,7,1,0,0,53.0,47.4
S0302,8,Student 0302,parent0302@example.org,555-0102,302 Example Street,2009-03-24,8,1,1,1,46.4,52.1
S0303,8,Student 0303,parent0303@example.org,555-0103,303 Example Street,2009-09-02,7,0,0,1,56.7,51.3
S0304,8,Student 0304,parent0304@example.org,555-0104,304 Example Street,2011-05-04,6,1,0,1,42.1,51.9
S0305,8,Student 0305,parent0305@example.org,555-0105,305 Example Street,2010-04-24,7,1,1,0,48.8,47.6
S0306,8,Student 0306,parent0306@example.org,555-0106,306 Example Street,2010-05-26,7,0,1,0,40.2,31.7
S0307,8,Student 0307,parent0307@example.org,555-0107,307 Example Street,2010-02-11,7,1,1,1,51.9,50.0
S0308,8,Student 0308,parent0308@example.org,555-0108,308 Example Street,2009-01-21,8,1,0,1,48.1,46.6
S0309,8,Student 0309,parent0309@example.org,555-0109,309 Example Street,2011-07-29,6,0,1,1,55.2,60.1
S0310,8,Student 0310,parent0310@example.org,555-0110,310 Example Street,2009-12-15,7,0,0,0,71.2,
S0311,8,Student 0311,parent0311@example.org,555-0111,311 Example Street,2011-07-06,6,0,1,0,60.6,53.2
S0312,8,Student 0312,parent0312@example.org,555-0112,312 Example Street,2010-03-11,7,0,1,1,51.0,41.3
S0313,8,Student 0313,parent0313@example.org,555-0113,313 Example Street,2011-03-03,6,1,1,0,35.0,47.2
S0314,8,Student 0314,parent0314@example.org,555-0114,314 Example Street,2011-03-31,6,0,0,1,41.1,51.0
S0315,8,Student 0315,parent0315@example.org,555-0115,315 Example Street,2011-02-19,6,0,1,1,50.5,63.3
S0316,8,Student 0316,parent0316@example.org,555-0116,316 Example Street,2011-07-10,6,0,0,1,58.7,72.4
S0317,8,Student 0317,parent0317@example.org,555-0117,317 Example Street,2011-07-12,6,0,0,0,68.7,63.6
S0318,8,Student 0318,parent0318@example.org,555-0118,318 Example Street,2011-02-25,6,1,1,0,56.9,57.6
S0319,8,Student 0319,parent0319@example.org,555-0119,319 Example Street,2008-12-04,8,0,1,0,44.0,37.7
S0320,8,Student 0320,parent0320@example.org,555-0120,320 Example Street,2010-05-27,7,1,0,0,53.7,48.7
S0321,8,Student 0321,parent0321@example.org,555-0121,321 Example Street,2010-04-29,7,0,0,0,63.4,57.8
S0322,9,Student 0322,parent0322@example.org,555-0122,322 Example Street,2009-03-15,8,0,0,1,55.6,63.3
S0323,9,Student 0323,parent0323@example.org,555-0123,323 Example Street,2009-07-27,8,1,0,0,60.3,67.3
S0324,9,Student 0324,parent0324@example.org,555-0124,324 Example Street,2010-01-06,7,1,1,1,32.0,42.9
S0325,9,Student 0325,parent0325@example.org,555-0125,325 Example Street,2010-09-05,6,1,0,0,46.6,42.4
S0326,9,Student 0326,parent0326@example.org,555-0126,326 Example Street,2009-07-04,8,0,1,1,49.8,45.7
S0327,9,Student 0327,parent0327@example.org,555-0127,327 Example Street,2010-07-19,7,0,0,1,51.5,44.4
S0328,9,Student 0328,parent0328@example.org,555-0128,328 Example Street,2009-07-26,8,0,1,1,57.7,54.8
S0329,9,Student 0329,parent0329@example.org,555-0129,329 Example Street,2009-12-27,7,1,1,0,42.2,41.6
S0330,9,Student 0330,parent0330@example.org,555-0130,330 Example Street,2010-10-29,6,0,0,0,47.0,41.6
S0331,9,Student 0331,parent0331@example.org,555-0131,331 Example Street,2008-12-02,8,0,0,1,43.4,48.8
S0332,9,Student 0332,parent0332@example.org,555-0132,332 Example Street,2010-01-28,7,0,1,1,39.1,39.2
S0333,9,Student 0333,parent0333@example.org,555-0133,333 Example Street,2011-01-16,6,0,1,1,49.5,51.7
S0334,9,Student 0334,parent0334@example.org,555-0134,334 Example Street,2009-02-23,8,1,1,0,55.8,57.0
S0335,9,Student 0335,parent0335@example.org,555-0135,335 Example Street,2009-09-02,7,0,0,0,62.2,
S0336,9,Student 0336,parent0336@example.org,555-0136,336 Example Street,2010-03-15,7,0,0,1,47.8,55.5
S0337,9,Student 0337,parent0337@example.org,555-0137,337 Example Street,2009-07-01,8,0,1,0,52.9,45.7
S0338,9,Student 0338,parent0338@example.org,555-0138,338 Example Street,2009-02-12,8,1,0,0,48.8,55.6
S0339,9,Student 0339,parent0339@example.org,555-0139,339 Example Street,2008-10-25,8,0,1,0,61.6,52.0
S0340,9,Student 0340,parent0340@example.org,555-0140,340 Example Street,2009-07-05,8,1,0,0,62.8,
S0341,9,Student 0341,parent0341@example.org,555-0141,341 Example Street,2009-08-19,8,1,1,1,53.0,51.8
S0342,9,Student 0342,parent0342@example.org,555-0142,342 Example Street,2010-12-18,6,0,1,1,63.7,65.7
S0343,9,Student 0343,parent0343@example.org,555-0143,343 Example Street,2008-12-24,8,0,0,0,46.3,40.0
S0344,9,Student 0344,parent0344@example.org,555-0144,344 Example Street,2011-08-24,6,1,1,1,43.7,51.3
S0345,9,Student 0345,parent0345@example.org,555-0145,345 Example Street,2010-06-18,7,1,0,0,47.0,44.5
S0346,9,Student 0346,parent0346@example.org,555-0146,346 Example Street,2009-07-02,8,0,0,0,52.5,48.7
S0347,9,Student 0347,parent0347@example.org,555-0147,347 Example Street,2010-12-12,6,0,1,1,47.7,41.1
S0348,9,Student 0348,parent0348@example.org,555-0148,348 Example Street,2009-07-27,8,0,0,1,49.4,57.9
S0349,9,Student 0349,parent0349@example.org,555-0149,349 Example Street,2009-07-05,8,0,1,1,53.8,54.4
S0350,9,Student 0350,parent0350@example.org,555-0150,350 Example Street,2011-05-22,6,0,1,1,48.1,49.1
S0351,9,Student 0351,parent0351@example.org,555-0151,351 Example Street,2011-08-29,6,0,0,0,46.5,45.0
S0352,9,Student 0352,parent0352@example.org,555-0152,352 Example Street,2009-02-13,8,0,1,0,62.7,58.3
S0353,9,Student 0353,parent0353@example.org,555-0153,353 Example Street,2011-05-09,6,1,1,0,50.2,53.1
S0354,9,Student 0354,parent0354@example.org,555-0154,354 Example Street,2008-12-14,8,0,1,1,49.5,48.0
S0355,9,Student 0355,parent0355@example.org,555-0155,355 Example Street,2010-02-19,7,0,0,0,74.2,72.0
S0356,10,Student 0356,parent0356@example.org,555-0156,356 Example Street,2011-01-18,6,1,0,0,30.6,29.6
S0357,10,Student 0357,parent0357@example.org,555-0157,357 Example Street,2008-12-04,8,0,1,0,39.8,39.6
S0358,10,Student 0358,parent0358@example.org,555-0158,358 Example Street,2011-04-23,6,1,1,1,44.7,40.0
S0359,10,Student 0359,parent0359@example.org,555-0159,359 Example Street,2009-06-14,8,1,0,0,37.8,38.8
S0360,10,Student 0360,parent0360@example.org,555-0160,360 Example Street,2011-02-20,6,0,0,0,34.0,23.9
S0361,10,Student 0361,parent0361@example.org,555-0161,361 Example Street,2011-03-27,6,0,0,1,44.1,37.7
S0362,10,Student 0362,parent0362@example.org,555-0162,362 Example Street,2011-06-22,6,1,0,0,31.6,30.4
S0363,10,Student 0363,parent0363@example.org,555-0163,363 Example Street,2008-10-29,8,0,0,0,40.4,39.8
S0364,10,Student 0364,parent0364@example.org,555-0164,364 Example Street,2009-12-08,7,1,0,1,21.2,24.0
S0365,10,Student 0365,parent0365@example.org,555-0165,365 Example Street,2010-04-10,7,1,0,1,42.4,42.2
S0366,10,Student 0366,parent0366@example.org,555-0166,366 Example Street,2011-07-19,6,0,0,0,48.3,55.1
S0367,10,Student 0367,parent0367@example.org,555-0167,367 Example Street,2009-01-31,8,1,0,0,62.3,62.0
S0368,10,Student 0368,parent0368@example.org,555-0168,368 Example Street,2010-09-12,6,1,1,1,39.1,32.3
S0369,10,Student 0369,parent0369@example.org,555-0169,369 Example Street,2009-05-01,8,0,1,0,43.4,27.5
S0370,10,Student 0370,parent0370@example.org,555-0170,370 Example Street,2009-11-06,7,1,0,1,61.2,49.9
S0371,10,Student 0371,parent0371@example.org,555-0171,371 Example Street,2010-04-05,7,0,1,1,33.9,28.5
S0372,10,Student 0372,parent0372@example.org,555-0172,372 Example Street,2010-05-19,7,1,0,0,34.9,35.7
S0373,10,Student 0373,parent0373@example.org,555-0173,373 Example Street,2011-04-19,6,0,1,0,20.3,13.3
S0374,10,Student 0374,parent0374@example.org,555-0174,374 Example Street,2011-04-18,6,0,1,1,36.8,34.7
S0375,10,Student 0375,parent0375@example.org,555-0175,375 Example Street,2011-02-04,6,0,1,0,41.3,42.5
S0376,10,Student 0376,parent0376@example.org,555-0176,376 Example Street,2010-12-04,6,1,1,1,46.5,48.9
S0377,10,Student 0377,parent0377@example.org,555-0177,377 Example Street,2010-11-30,6,0,0,1,41.1,27.3
S0378,10,Student 0378,parent0378@example.org,555-0178,378 Example Street,2010-07-20,7,1,1,0,32.4,41.2
S0379,10,Student 0379,parent0379@example.org,555-0179,379 Example Street,2010-12-06,6,0,1,1,33.8,43.5
S0380,10,Student 0380,parent0380@example.org,555-0180,380 Example Street,2011-04-15,6,0,1,1,33.6,19.0
S0381,10,Student 0381,parent0381@example.org,555-0181,381 Example Street,2009-05-27,8,0,0,1,42.2,54.8
S0382,10,Student 0382,parent0382@example.org,555-0182,382 Example Street,2011-03-07,6,1,0,1,36.0,40.0
S0383,10,Student 0383,parent0383@example.org,555-0183,383 Example Street,2011-06-26,6,0,0,1,35.9,37.3
S0384,10,Student 0384,parent0384@example.org,555-0184,384 Example Street,2008-10-09,8,1,0,0,48.0,50.1
S0385,10,Student 0385,parent0385@example.org,555-0185,385 Example Street,2009-11-10,7,1,1,0,42.4,31.5
S0386,10,Student 0386,parent0386@example.org,555-0186,386 Example Street,2009-08-08,8,0,0,1,48.4,41.3
S0387,10,Student 0387,parent0387@example.org,555-0187,387 Example Street,2010-01-19,7,0,0,0,50.8,
S0388,10,Student 0388,parent0388@example.org,555-0188,388 Example Street,2011-07-24,6,1,0,1,34.6,31.9
S0389,10,Student 0389,parent0389@example.org,555-0189,389 Example Street,2010-01-23,7,1,1,0,38.0,43.0
S0390,10,Student 0390,parent0390@example.org,555-0190,390 Example Street,2009-09-19,7,1,1,1,62.1,57.9
S0391,10,Student 0391,parent0391@example.org,555-0191,391 Example Street,2011-04-13,6,0,1,0,10.4,15.5
S0392,10,Student 0392,parent0392@example.org,555-0192,392 Example Street,2009-08-12,8,1,1,0,42.9,43.2
S0393,10,Student 0393,parent0393@example.org,555-0193,393 Example Street,2011-02-08,6,1,0,1,29.3,32.3
S0394,10,Student 0394,parent0394@example.org,555-0194,394 Example Street,2010-08-18,7,1,0,0,30.2,21.6
S0395,11,Student 0395,parent0395@example.org,555-0195,395 Example Street,2011-08-26,6,1,1,0,36.3,26.3
S0396,11,Student 0396,parent0396@example.org,555-0196,396 Example Street,2009-10-21,7,0,0,0,67.2,64.3
S0397,11,Student 0397,parent0397@example.org,555-0197,397 Example Street,2009-05-19,8,1,1,1,63.2,63.7
S0398,11,Student 0398,parent0398@example.org,555-0198,398 Example Street,2010-09-29,6,1,0,1,53.8,57.2
S0399,11,Student 0399,parent0399@example.org,555-0199,399 Example Street,2009-06-17,8,0,1,1,39.4,43.1
S0400,11,Student 0400,parent0400@example.org,555-0100,400 Example Street,2010-06-02,7,0,0,0,59.5,59.8
S0401,11,Student 0401,parent0401@example.org,555-0101,401 Example Street,2010-03-18,7,0,1,1,51.8,48.8
S0402,11,Student 0402,parent0402@example.org,555-0102,402 Example Street,2009-09-17,7,1,0,0,57.4,49.3
S0403,11,Student 0403,parent0403@example.org,555-0103,403 Example Street,2009-12-12,7,1,1,0,41.0,37.9
S0404,11,Student 0404,parent0404@example.org,555-0104,404 Example Street,2008-12-26,8,1,1,1,50.4,56.0
S0405,11,Student 0405,parent0405@example.org,555-0105,405 Example Street,2009-02-19,8,1,1,1,70.4,
S0406,11,Student 0406,parent0406@example.org,555-0106,406 Example Street,2009-01-20,8,0,1,1,42.9,47.5
S0407,11,Student 0407,parent0407@example.org,555-0107,407 Example Street,2011-01-01,6,1,0,0,50.5,45.7
S0408,11,Student 0408,parent0408@example.org,555-0108,408 Example Street,2010-03-31,7,0,0,1,45.6,58.8
S0409,11,Student 0409,parent0409@example.org,555-0109,409 Example Street,2010-10-12,6,1,0,1,49.3,54.4
S0410,11,Student 0410,parent0410@example.org,555-0110,410 Example Street,2009-10-15,7,1,0,1,54.3,58.2
S0411,11,Student 0411,parent0411@example.org,555-0111,411 Example Street,2009-09-29,7,1,1,1,37.7,28.8
S0412,11,Student 0412,parent0412@example.org,555-0112,412 Example Street,2010-10-26,6,1,0,0,43.1,51.9
S0413,11,Student 0413,parent0413@example.org,555-0113,413 Example Street,2008-10-31,8,0,0,1,54.3,50.5
S0414,11,Student 0414,parent0414@example.org,555-0114,414 Example Street,2009-01-23,8,1,0,0,57.1,57.7
S0415,11,Student 0415,parent0415@example.org,555-0115,415 Example Street,2011-02-19,6,1,1,0,39.2,31.9
S0416,11,Student 0416,parent0416@example.org,555-0116,416 Example Street,2009-09-08,7,0,1,1,46.0,46.3
S0417,11,Student 0417,parent0417@example.org,555-0117,417 Example Street,2008-11-25,8,1,1,0,50.3,58.4
S0418,11,Student 0418,parent0418@example.org,555-0118,418 Example Street,2011-05-17,6,1,0,1,40.5,55.0
S0419,11,Student 0419,parent0419@example.org,555-0119,419 Example Street,2011-01-18,6,0,1,0,44.4,40.6
S0420,11,Student 0420,parent0420@example.org,555-0120,420 Example Street,2009-11-28,7,0,0,1,57.2,63.2
S0421,11,Student 0421,parent0421@example.org,555-0121,421 Example Street,2008-12-10,8,0,1,0,38.7,38.1
S0422,11,Student 0422,parent0422@example.org,555-0122,422 Example Street,2010-07-27,7,1,1,0,42.7,36.3
S0423,11,Student 0423,parent0423@example.org,555-0123,423 Example Street,2011-08-03,6,0,1,0,43.4,47.0
S0424,11,Student 0424,parent0424@example.org,555-0124,424 Example Street,2011-02-20,6,1,0,0,37.5,22.2
S0425,11,Student 0425,parent0425@example.org,555-0125,425 Example Street,2009-10-12,7,1,0,0,49.6,43.8
S0426,11,Student 0426,parent0426@example.org,555-0126,426 Example Street,2011-04-10,6,0,1,1,68.0,69.3
S0427,11,Student 0427,parent0427@example.org,555-0127,427 Example Street,2009-07-29,8,1,0,0,47.3,41.6
S0428,11,Student 0428,parent0428@example.org,555-0128,428 Example Street,2011-02-08,6,0,1,1,33.3,34.5
S0429,11,Student 0429,parent0429@example.org,555-0129,429 Example Street,2008-10-03,8,0,1,0,52.2,48.3
S0430,11,Student 0430,parent0430@example.org,555-0130,430 Example Street,2008-10-18,8,1,1,0,51.7,52.9
S0431,11,Student 0431,parent0431@example.org,555-0131,431 Example Street,2009-02-01,8,1,0,1,57.0,55.5
S0432,11,Student 0432,parent0432@example.org,555-0132,432 Example Street,2010-10-19,6,1,1,0,59.3,56.3
S0433,11,Student 0433,parent0433@example.org,555-0133,433 Example Street,2008-11-16,8,0,0,1,58.7,51.5
S0434,11,Student 0434,parent0434@example.org,555-0134,434 Example Street,2010-05-06,7,1,1,0,53.0,44.4
S0435,11,Student 0435,parent0435@example.org,555-0135,435 Example Street,2009-02-11,8,0,1,1,65.8,64.7
S0436,11,Student 0436,parent0436@example.org,555-0136,436 Example Street,2010-03-11,7,0,1,1,42.7,
S0437,11,Student 0437,parent0437@example.org,555-0137,437 Example Street,2009-09-20,7,1,1,0,40.2,43.0
S0438,12,Student 0438,parent0438@example.org,555-0138,438 Example Street,2010-11-24,6,1,0,0,62.0,61.0
S0439,12,Student 0439,parent0439@example.org,555-0139,439 Example Street,2010-04-28,7,1,1,1,57.4,64.0
S0440,12,Student 0440,parent0440@example.org,555-0140,440 Example Street,2010-02-19,7,1,1,1,55.7,56.8
S0441,12,Student 0441,parent0441@example.org,555-0141,441 Example Street,2008-10-31,8,1,0,1,71.5,73.7
S0442,12,Student 0442,parent0442@example.org,555-0142,442 Example Street,2011-01-15,6,0,1,0,45.1,33.1
S0443,12,Student 0443,parent0443@example.org,555-0143,443 Example Street,2009-10-05,7,1,0,1,62.8,64.0
S0444,12,Student 0444,parent0444@example.org,555-0144,444 Example Street,2009-08-15,8,0,0,0,62.0,63.0
S0445,12,Student 0445,parent0445@example.org,555-0145,445 Example Street,2010-11-17,6,0,1,1,50.5,51.0
S0446,12,Student 0446,parent0446@example.org,555-0146,446 Example Street,2010-06-28,7,1,0,1,60.8,68.6
S0447,12,Student 0447,parent0447@example.org,555-0147,447 Example Street,2011-05-16,6,1,0,0,55.5,47.2
S0448,12,Student 0448,parent0448@example.org,555-0148,448 Example Street,2009-06-13,8,1,0,0,44.8,48.2
S0449,12,Student 0449,parent0449@example.org,555-0149,449 Example Street,2009-08-29,8,0,0,1,40.3,43.1
S0450,12,Student 0450,parent0450@example.org,555-0150,450 Example Street,2009-05-16,8,1,1,1,52.8,45.8
S0451,12,Student 0451,parent0451@example.org,555-0151,451 Example Street,2009-12-21,7,1,0,1,58.7,64.6
S0452,12,Student 0452,parent0452@example.org,555-0152,452 Example Street,2010-04-01,7,1,0,0,46.0,44.0
S0453,12,Student 0453,parent0453@example.org,555-0153,453 Example Street,2009-05-25,8,0,1,0,63.6,61.2
S0454,12,Student 0454,parent0454@example.org,555-0154,454 Example Street,2011-01-12,6,0,1,0,36.7,36.0
S0455,12,Student 0455,parent0455@example.org,555-0155,455 Example Street,2010-07-29,7,1,0,0,33.4,42.2
S0456,12,Student 0456,parent0456@example.org,555-0156,456 Example Street,2008-09-16,8,0,0,1,75.7,67.9
S0457,12,Student 0457,parent0457@example.org,555-0157,457 Example Street,2008-11-22,8,1,1,0,61.1,
S0458,12,Student 0458,parent0458@example.org,555-0158,458 Example Street,2011-06-28,6,1,0,1,51.9,48.2
S0459,12,Student 0459,parent0459@example.org,555-0159,459 Example Street,2009-09-11,7,0,0,0,49.5,
S0460,12,Student 0460,parent0460@example.org,555-0160,460 Example Street,2009-11-15,7,1,1,1,52.6,66.5
S0461,12,Student 0461,parent0461@example.org,555-0161,461 Example Street,2010-03-24,7,0,1,0,39.9,53.5
S0462,12,Student 0462,parent0462@example.org,555-0162,462 Example Street,2009-07-25,8,0,0,1,63.5,68.5
S0463,12,Student 0463,parent0463@example.org,555-0163,463 Example Street,2009-06-28,8,0,1,0,67.4,68.8
S0464,12,Student 0464,parent0464@example.org,555-0164,464 Example Street,2010-12-28,6,1,1,0,45.8,40.2
S0465,12,Student 0465,parent0465@example.org,555-0165,465 Example Street,2010-05-16,7,1,0,1,74.9,74.3
S0466,12,Student 0466,parent0466@example.org,555-0166,466 Example Street,2009-10-24,7,1,0,1,30.8,36.3
S0467,12,Student 0467,parent0467@example.org,555-0167,467 Example Street,2010-09-24,6,1,0,0,40.8,54.6
S0468,12,Student 0468,parent0468@example.org,555-0168,468 Example Street,2010-09-02,6,1,0,1,50.1,57.8
S0469,12,Student 0469,parent0469@example.org,555-0169,469 Example Street,2011-08-28,6,0,0,0,58.6,64.0
S0470,12,Student 0470,parent0470@example.org,555-0170,470 Example Street,2009-01-22,8,0,1,1,67.4,70.7
S0471,12,Student 0471,parent0471@example.org,555-0171,471 Example Street,2010-08-21,7,0,0,0,53.2,49.1
S0472,12,Student 0472,parent0472@example.org,555-0172,472 Example Street,2010-12-23,6,1,0,1,46.7,55.1
S0473,12,Student 0473,parent0473@example.org,555-0173,473 Example Street,2010-04-21,7,1,1,0,42.2,50.7
S0474,12,Student 0474,parent0474@example.org,555-0174,474 Example Street,2010-05-08,7,0,0,1,64.2,63.8
S0475,12,Student 0475,parent0475@example.org,555-0175,475 Example Street,2011-01-25,6,0,0,0,52.4,58.6
S0476,12,Student 0476,parent0476@example.org,555-0176,476 Example Street,2010-01-01,7,0,1,1,49.9,55.0
S0477,12,Student 0477,parent0477@example.org,555-0177,477 Example Street,2008-10-23,8,1,0,0,46.5,42.0
S0478,12,Student 0478,parent0478@example.org,555-0178,478 Example Street,2009-09-07,7,0,0,1,64.0,73.0
S0479,12,Student 0479,parent0479@example.org,555-0179,479 Example Street,2009-11-12,7,1,1,0,43.3,46.7
S0480,13,Student 0480,parent0480@example.org,555-0180,480 Example Street,2010-12-13,6,0,1,0,37.9,46.8
S0481,13,Student 0481,parent0481@example.org,555-0181,481 Example Street,2009-05-20,8,0,0,0,52.9,60.2
S0482,13,Student 0482,parent0482@example.org,555-0182,482 Example Street,2008-09-29,8,1,1,1,71.2,74.7
S0483,13,Student 0483,parent0483@example.org,555-0183,483 Example Street,2010-03-29,7,1,0,1,60.9,74.2
S0484,13,Student 0484,parent0484@example.org,555-0184,484 Example Street,2010-08-20,7,1,1,1,44.5,48.9
S0485,13,Student 0485,parent0485@example.org,555-0185,485 Example Street,2009-05-23,8,1,1,0,62.8,62.2
S0486,13,Student 0486,parent0486@example.org,555-0186,486 Example Street,2009-12-08,7,1,0,0,48.2,50.2
S0487,13,Student 0487,parent0487@example.org,555-0187,487 Example Street,2009-01-14,8,1,1,0,51.0,45.8
S0488,13,Student 0488,parent0488@example.org,555-0188,488 Example Street,2010-11-02,6,1,1,1,49.6,55.3
S0489,13,Student 0489,parent0489@example.org,555-0189,489 Example Street,2010-12-09,6,1,1,1,60.2,58.9
S0490,13,Student 0490,parent0490@example.org,555-0190,490 Example Street,2010-12-23,6,1,1,1,46.8,55.0
S0491,13,Student 0491,parent0491@example.org,555-0191,491 Example Street,2009-12-21,7,0,0,0,57.4,57.3
S0492,13,Student 0492,parent0492@example.org,555-0192,492 Example Street,2009-12-23,7,0,1,0,65.1,71.3
S0493,13,Student 0493,parent0493@example.org,555-0193,493 Example Street,2010-11-20,6,1,1,1,51.0,63.2
S0494,13,Student 0494,parent0494@example.org,555-0194,494 Example Street,2009-03-22,8,0,0,0,60.2,
S0495,13,Student 0495,parent0495@example.org,555-0195,495 Example Street,2010-04-14,7,1,0,0,48.7,57.9
S0496,13,Student 0496,parent0496@example.org,555-0196,496 Example Street,2010-08-29,7,0,0,0,51.7,61.6
S0497,13,Student 0497,parent0497@example.org,555-0197,497 Example Street,2010-11-13,6,1,0,1,48.0,46.0
S0498,13,Student 0498,parent0498@example.org,555-0198,498 Example Street,2010-04-07,7,0,0,0,72.0,64.4
S0499,13,Student 0499,parent0499@example.org,555-0199,499 Example Street,2009-05-02,8,0,0,1,65.7,77.8
S0500,13,Student 0500,parent0500@example.org,555-0100,500 Example Street,2010-02-10,7,1,0,0,63.7,
S0501,13,Student 0501,parent0501@example.org,555-0101,501 Example Street,2011-08-10,6,1,0,0,53.7,55.0
S0502,13,Student 0502,parent0502@example.org,555-0102,502 Example Street,2010-08-29,7,1,1,1,55.5,57.3
S0503,13,Student 0503,parent0503@example.org,555-0103,503 Example Street,2011-07-11,6,0,1,1,44.5,41.5
S0504,13,Student 0504,parent0504@example.org,555-0104,504 Example Street,2009-05-05,8,0,0,1,61.2,62.9
S0505,13,Student 0505,parent0505@example.org,555-0105,505 Example Street,2009-05-10,8,1,1,0,47.2,47.4
S0506,13,Student 0506,parent0506@example.org,555-0106,506 Example Street,2011-02-28,6,0,0,1,76.5,
S0507,13,Student 0507,parent0507@example.org,555-0107,507 Example Street,2009-08-15,8,0,0,1,64.6,67.1
S0508,13,Student 0508,parent0508@example.org,555-0108,508 Example Street,2009-01-16,8,1,0,0,70.0,71.3
S0509,13,Student 0509,parent0509@example.org,555-0109,509 Example Street,2010-03-04,7,0,0,0,54.3,55.7
S0510,13,Student 0510,parent0510@example.org,555-0110,510 Example Street,2009-05-17,8,0,1,0,60.5,57.5
S0511,13,Student 0511,parent0511@example.org,555-0111,511 Example Street,2010-12-10,6,0,1,0,52.0,45.7
S0512,13,Student 0512,parent0512@example.org,555-0112,512 Example Street,2009-07-08,8,0,1,1,66.7,66.7
S0513,13,Student 0513,parent0513@example.org,555-0113,513 Example Street,2009-09-14,7,1,0,1,59.6,63.1
S0514,13,Student 0514,parent0514@example.org,555-0114,514 Example Street,2008-11-14,8,0,0,1,71.8,60.7
S0515,13,Student 0515,parent0515@example.org,555-0115,515 Example Street,2009-09-13,7,1,0,1,46.3,52.0
S0516,13,Student 0516,parent0516@example.org,555-0116,516 Example Street,2009-04-24,8,1,1,0,55.2,60.4
S0517,13,Student 0517,parent0517@example.org,555-0117,517 Example Street,2011-02-09,6,0,0,1,72.0,74.9
S0518,13,Student 0518,parent0518@example.org,555-0118,518 Example Street,2011-03-21,6,0,1,1,40.9,39.3
S0519,13,Student 0519,parent0519@example.org,555-0119,519 Example Street,2011-03-04,6,0,1,0,54.1,57.7
S0520,13,Student 0520,parent0520@example.org,555-0120,520 Example Street,2009-05-15,8,1,0,0,52.6,44.6
S0521,13,Student 0521,parent0521@example.org,555-0121,521 Example Street,2011-06-05,6,0,1,1,64.0,63.2
S0522,14,Student 0522,parent0522@example.org,555-0122,522 Example Street,2010-10-13,6,1,1,1,45.2,50.7
S0523,14,Student 0523,parent0523@example.org,555-0123,523 Example Street,2008-10-20,8,1,1,1,59.6,56.2
S0524,14,Student 0524,parent0524@example.org,555-0124,524 Example Street,2011-02-15,6,1,1,1,28.2,18.7
S0525,14,Student 0525,parent0525@example.org,555-0125,525 Example Street,2009-10-23,7,0,1,1,53.8,47.9
S0526,14,Student 0526,parent0526@example.org,555-0126,526 Example Street,2010-11-24,6,0,1,1,22.8,19.3
S0527,14,Student 0527,parent0527@example.org,555-0127,527 Example Street,2009-07-02,8,0,0,0,54.7,46.9
S0528,14,Student 0528,parent0528@example.org,555-0128,528 Example Street,2008-09-12,8,0,0,0,42.6,40.5
S0529,14,Student 0529,parent0529@example.org,555-0129,529 Example Street,2010-10-26,6,0,0,0,42.2,38.0
S0530,14,Student 0530,parent0530@example.org,555-0130,530 Example Street,2010-04-19,7,1,1,1,25.0,28.8
S0531,14,Student 0531,parent0531@example.org,555-0131,531 Example Street,2010-10-13,6,1,1,0,48.4,35.2
S0532,14,Student 0532,parent0532@example.org,555-0132,532 Example Street,2008-09-24,8,1,1,1,46.2,38.0
S0533,14,Student 0533,parent0533@example.org,555-0133,533 Example Street,2011-07-08,6,1,0,1,56.7,61.9
S0534,14,Student 0534,parent0534@example.org,555-0134,534 Example Street,2010-09-24,6,0,1,1,47.0,49.5
S0535,14,Student 0535,parent0535@example.org,555-0135,535 Example Street,2008-11-01,8,1,1,1,39.8,40.4
S0536,14,Student 0536,parent0536@example.org,555-0136,536 Example Street,2011-04-23,6,0,0,1,43.2,44.5
S0537,14,Student 0537,parent0537@example.org,555-0137,537 Example Street,2008-09-20,8,0,0,1,51.0,51.0
S0538,14,Student 0538,parent0538@example.org,555-0138,538 Example Street,2010-12-13,6,0,0,0,34.2,31.3
S0539,14,Student 0539,parent0539@example.org,555-0139,539 Example Street,2009-12-23,7,0,1,0,53.4,46.3
S0540,14,Student 0540,parent0540@example.org,555-0140,540 Example Street,2010-06-11,7,1,0,0,55.1,55.7
S0541,14,Student 0541,parent0541@example.org,555-0141,541 Example Street,2011-02-28,6,1,1,0,47.5,46.3
S0542,14,Student 0542,parent0542@example.org,555-0142,542 Example Street,2009-01-14,8,0,1,0,39.0,41.9
S0543,14,Student 0543,parent0543@example.org,555-0143,543 Example Street,2009-11-09,7,0,1,1,34.3,34.4
S0544,14,Student 0544,parent0544@example.org,555-0144,544 Example Street,2010-12-27,6,1,1,0,38.1,54.5
S0545,14,Student 0545,parent0545@example.org,555-0145,545 Example Street,2010-08-23,7,0,0,0,52.2,53.2
S0546,14,Student 0546,parent0546@example.org,555-0146,546 Example Street,2011-01-17,6,0,1,0,38.9,26.9
S0547,14,Student 0547,parent0547@example.org,555-0147,547 Example Street,2009-01-16,8,0,1,0,48.0,44.3
S0548,14,Student 0548,parent0548@example.org,555-0148,548 Example Street,2010-06-02,7,0,1,0,21.7,19.2
S0549,14,Student 0549,parent0549@example.org,555-0149,549 Example Street,2011-02-09,6,1,0,0,46.7,39.3
S0550,14,Student 0550,parent0550@example.org,555-0150,550 Example Street,2011-08-15,6,0,1,1,31.6,38.7
S0551,14,Student 0551,parent0551@example.org,555-0151,551 Example Street,2010-06-24,7,1,1,0,51.5,47.0
S0552,14,Student 0552,parent0552@example.org,555-0152,552 Example Street,2011-05-02,6,1,0,0,54.1,57.4
S0553,14,Student 0553,parent0553@example.org,555-0153,553 Example Street,2009-03-24,8,1,0,1,59.0,
S0554,14,Student 0554,parent0554@example.org,555-0154,554 Example Street,2010-09-18,6,1,0,0,51.4,56.9
S0555,14,Student 0555,parent0555@example.org,555-0155,555 Example Street,2011-08-07,6,1,1,1,60.2,57.2
S0556,14,Student 0556,parent0556@example.org,555-0156,556 Example Street,2009-04-27,8,1,1,1,61.5,56.4
S0557,15,Student 0557,parent0557@example.org,555-0157,557 Example Street,2009-07-06,8,1,0,0,55.0,44.0
S0558,15,Student 0558,parent0558@example.org,555-0158,558 Example Street,2010-12-26,6,0,0,1,42.9,46.2
S0559,15,Student 0559,parent0559@example.org,555-0159,559 Example Street,2010-11-04,6,1,1,0,30.4,30.5
S0560,15,Student 0560,parent0560@example.org,555-0160,560 Example Street,2011-02-16,6,0,1,1,38.5,41.7
S0561,15,Student 0561,parent0561@example.org,555-0161,561 Example Street,2009-05-15,8,1,1,1,33.0,34.5
S0562,15,Student 0562,parent0562@example.org,555-0162,562 Example Street,2010-03-28,7,1,0,1,29.4,27.2
S0563,15,Student 0563,parent0563@example.org,555-0163,563 Example Street,2011-07-09,6,1,1,1,15.9,18.7
S0564,15,Student 0564,parent0564@example.org,555-0164,564 Example Street,2008-11-08,8,1,0,1,37.7,36.9
S0565,15,Student 0565,parent0565@example.org,555-0165,565 Example Street,2010-08-15,7,1,0,1,52.6,37.7
S0566,15,Student 0566,parent0566@example.org,555-0166,566 Example Street,2009-08-18,8,0,0,0,56.9,48.0
S0567,15,Student 0567,parent0567@example.org,555-0167,567 Example Street,2010-11-28,6,0,0,1,43.5,42.8
S0568,15,Student 0568,parent0568@example.org,555-0168,568 Example Street,2011-03-18,6,1,0,1,30.0,27.9
S0569,15,Student 0569,parent0569@example.org,555-0169,569 Example Street,2010-03-25,7,0,1,1,41.8,40.6
S0570,15,Student 0570,parent0570@example.org,555-0170,570 Example Street,2010-09-12,6,0,1,0,30.9,26.3
S0571,15,Student 0571,parent0571@example.org,555-0171,571 Example Street,2011-03-23,6,1,1,1,42.7,36.9
S0572,15,Student 0572,parent0572@example.org,555-0172,572 Example Street,2009-08-21,8,1,0,0,41.9,27.8
S0573,15,Student 0573,parent0573@example.org,555-0173,573 Example Street,2010-11-19,6,1,1,0,47.5,47.4
S0574,15,Student 0574,parent0574@example.org,555-0174,574 Example Street,2011-05-02,6,0,1,1,40.7,45.9
S0575,15,Student 0575,parent0575@example.org,555-0175,575 Example Street,2009-11-27,7,1,1,0,40.9,35.8
S0576,15,Student 0576,parent0576@example.org,555-0176,576 Example Street,2011-03-26,6,1,1,0,31.9,25.1
S0577,15,Student 0577,parent0577@example.org,555-0177,577 Example Street,2010-07-08,7,0,0,0,45.1,43.5
S0578,15,Student 0578,parent0578@example.org,555-0178,578 Example Street,2009-02-16,8,0,0,0,48.6,
S0579,15,Student 0579,parent0579@example.org,555-0179,579 Example Street,2009-02-03,8,0,1,1,38.1,34.4
S0580,15,Student 0580,parent0580@example.org,555-0180,580 Example Street,2011-07-25,6,0,0,0,41.1,26.5
S0581,15,Student 0581,parent0581@example.org,555-0181,581 Example Street,2010-06-02,7,1,1,1,45.9,42.7
S0582,15,Student 0582,parent0582@example.org,555-0182,582 Example Street,2011-07-20,6,1,1,0,45.1,33.2
S0583,15,Student 0583,parent0583@example.org,555-0183,583 Example Street,2010-09-09,6,0,0,0,50.9,43.9
S0584,15,Student 0584,parent0584@example.org,555-0184,584 Example Street,2011-05-31,6,1,0,1,52.6,51.9
S0585,15,Student 0585,parent0585@example.org,555-0185,585 Example Street,2011-01-04,6,1,1,1,35.7,37.4
S0586,15,Student 0586,parent0586@example.org,555-0186,586 Example Street,2010-06-16,7,1,1,0,46.6,48.0
S0587,15,Student 0587,parent0587@example.org,555-0187,587 Example Street,2009-02-24,8,0,1,1,38.1,45.3
S0588,15,Student 0588,parent0588@example.org,555-0188,588 Example Street,2011-03-01,6,1,1,0,37.4,39.9
S0589,15,Student 0589,parent0589@example.org,555-0189,589 Example Street,2010-06-11,7,1,0,0,60.2,46.5
S0590,15,Student 0590,parent0590@example.org,555-0190,590 Example Street,2009-12-25,7,0,1,0,45.4,40.6
S0591,15,Student 0591,parent0591@example.org,555-0191,591 Example Street,2010-09-19,6,1,1,0,34.8,31.4
S0592,15,Student 0592,parent0592@example.org,555-0192,592 Example Street,2011-07-18,6,0,0,1,38.3,40.4
S0593,15,Student 0593,parent0593@example.org,555-0193,593 Example Street,2009-11-24,7,1,0,1,27.5,30.6
S0594,15,Student 0594,parent0594@example.org,555-0194,594 Example Street,2011-01-25,6,0,1,0,44.6,34.2
S0595,15,Student 0595,parent0595@example.org,555-0195,595 Example Street,2008-09-22,8,1,1,0,35.2,31.9
S0596,16,Student 0596,parent0596@example.org,555-0196,596 Example Street,2009-08-01,8,0,0,1,38.7,35.5
S0597,16,Student 0597,parent0597@example.org,555-0197,597 Example Street,2009-11-12,7,1,1,0,60.7,57.2
S0598,16,Student 0598,parent0598@example.org,555-0198,598 Example Street,2011-04-02,6,1,0,1,65.3,71.8
S0599,16,Student 0599,parent0599@example.org,555-0199,599 Example Street,2010-03-01,7,1,0,1,47.2,55.3
S0600,16,Student 0600,parent0600@example.org,555-0100,600 Example Street,2010-09-08,6,0,0,0,43.0,41.4
S0601,16,Student 0601,parent0601@example.org,555-0101,601 Example Street,2008-11-25,8,1,1,1,51.2,47.0
S0602,16,Student 0602,parent0602@example.org,555-0102,602 Example Street,2008-09-18,8,0,1,0,53.2,56.8
S0603,16,Student 0603,parent0603@example.org,555-0103,603 Example Street,2010-10-21,6,1,0,1,49.5,56.4
S0604,16,Student 0604,parent0604@example.org,555-0104,604 Example Street,2009-05-27,8,1,1,1,43.4,44.2
S0605,16,Student 0605,parent0605@example.org,555-0105,605 Example Street,2009-12-14,7,0,1,0,47.9,49.2
S0606,16,Student 0606,parent0606@example.org,555-0106,606 Example Street,2009-03-02,8,1,1,0,45.0,
S0607,16,Student 0607,parent0607@example.org,555-0107,607 Example Street,2009-10-21,7,0,0,1,51.0,55.6
S0608,16,Student 0608,parent0608@example.org,555-0108,608 Example Street,2009-06-19,8,1,1,1,52.5,46.8
S0609,16,Student 0609,parent0609@example.org,555-0109,609 Example Street,2008-11-03,8,0,0,1,56.7,56.7
S0610,16,Student 0610,parent0610@example.org,555-0110,610 Example Street,2011-03-19,6,0,1,1,41.8,37.2
S0611,16,Student 0611,parent0611@example.org,555-0111,611 Example Street,2010-03-16,7,0,0,0,51.7,48.3
S0612,16,Student 0612,parent0612@example.org,555-0112,612 Example Street,2010-05-01,7,1,1,0,39.3,39.8
S0613,16,Student 0613,parent0613@example.org,555-0113,613 Example Street,2010-05-08,7,0,0,0,54.7,59.1
S0614,16,Student 0614,parent0614@example.org,555-0114,614 Example Street,2010-08-02,7,1,1,0,52.6,54.5
S0615,16,Student 0615,parent0615@example.org,555-0115,615 Example Street,2010-02-23,7,1,1,1,46.8,43.0
S0616,16,Student 0616,parent0616@example.org,555-0116,616 Example Street,2009-09-17,7,0,1,0,58.3,63.1
S0617,16,Student 0617,parent0617@example.org,555-0117,617 Example Street,2011-07-22,6,0,1,1,41.1,41.6
S0618,16,Student 0618,parent0618@example.org,555-0118,618 Example Street,2008-11-15,8,1,1,0,58.0,58.4
S0619,16,Student 0619,parent0619@example.org,555-0119,619 Example Street,2009-09-18,7,1,1,0,56.3,69.0
S0620,16,Student 0620,parent0620@example.org,555-0120,620 Example Street,2010-11-04,6,1,0,0,40.4,39.3
S0621,16,Student 0621,parent0621@example.org,555-0121,621 Example Street,2009-09-26,7,1,0,0,67.4,69.1
S0622,16,Student 0622,parent0622@example.org,555-0122,622 Example Street,2009-07-03,8,1,0,1,59.8,
S0623,16,Student 0623,parent0623@example.org,555-0123,623 Example Street,2009-01-11,8,1,0,0,57.8,51.3
S0624,16,Student 0624,parent0624@example.org,555-0124,624 Example Street,2010-05-26,7,1,1,1,58.4,57.1
S0625,16,Student 0625,parent0625@example.org,555-0125,625 Example Street,2011-08-11,6,1,0,1,54.5,60.2
S0626,16,Student 0626,parent0626@example.org,555-0126,626 Example Street,2008-12-14,8,0,0,1,64.5,
S0627,16,Student 0627,parent0627@example.org,555-0127,627 Example Street,2010-04-17,7,0,1,1,33.0,36.2
S0628,16,Student 0628,parent0628@example.org,555-0128,628 Example Street,2010-02-28,7,0,0,0,60.6,61.1
S0629,16,Student 0629,parent0629@example.org,555-0129,629 Example Street,2008-09-25,8,1,1,0,53.1,42.4
S0630,16,Student 0630,parent0630@example.org,555-0130,630 Example Street,2010-09-23,6,0,0,1,32.0,25.5
S0631,16,Student 0631,parent0631@example.org,555-0131,631 Example Street,2010-02-07,7,1,0,0,53.1,56.7
S0632,16,Student 0632,parent0632@example.org,555-0132,632 Example Street,2009-09-23,7,0,0,0,32.5,33.4
S0633,17,Student 0633,parent0633@example.org,555-0133,633 Example Street,2010-05-13,7,1,0,1,50.5,42.8
S0634,17,Student 0634,parent0634@example.org,555-0134,634 Example Street,2010-07-03,7,1,0,1,51.4,47.9
S0635,17,Student 0635,parent0635@example.org,555-0135,635 Example Street,2009-02-14,8,0,0,1,31.6,22.8
S0636,17,Student 0636,parent0636@example.org,555-0136,636 Example Street,2010-05-04,7,0,0,1,46.4,46.1
S0637,17,Student 0637,parent0637@example.org,555-0137,637 Example Street,2009-12-12,7,1,0,1,27.0,27.0
S0638,17,Student 0638,parent0638@example.org,555-0138,638 Example Street,2008-10-02,8,0,0,1,45.3,51.2
S0639,17,Student 0639,parent0639@example.org,555-0139,639 Example Street,2010-06-25,7,1,1,0,25.0,12.5
S0640,17,Student 0640,parent0640@example.org,555-0140,640 Example Street,2009-04-28,8,1,0,0,53.8,44.8
S0641,17,Student 0641,parent0641@example.org,555-0141,641 Example Street,2011-07-15,6,0,0,0,33.7,37.2
S0642,17,Student 0642,parent0642@example.org,555-0142,642 Example Street,2011-02-05,6,0,1,1,36.6,40.7
S0643,17,Student 0643,parent0643@example.org,555-0143,643 Example Street,2009-09-26,7,0,1,0,34.3,32.6
S0644,17,Student 0644,parent0644@example.org,555-0144,644 Example Street,2010-06-14,7,1,1,0,36.8,
S0645,17,Student 0645,parent0645@example.org,555-0145,645 Example Street,2011-08-01,6,0,0,1,43.9,50.8
S0646,17,Student 0646,parent0646@example.org,555-0146,646 Example Street,2009-12-28,7,1,1,1,49.0,45.0
S0647,17,Student 0647,parent0647@example.org,555-0147,647 Example Street,2011-02-04,6,1,0,1,38.1,41.3
S0648,17,Student 0648,parent0648@example.org,555-0148,648 Example Street,2010-04-24,7,0,0,1,52.7,47.7
S0649,17,Student 0649,parent0649@example.org,555-0149,649 Example Street,2009-10-15,7,1,1,0,38.0,31.3
S0650,17,Student 0650,parent0650@example.org,555-0150,650 Example Street,2009-06-16,8,0,0,0,51.0,49.7
S0651,17,Student 0651,parent0651@example.org,555-0151,651 Example Street,2010-12-14,6,0,1,0,35.5,34.1
S0652,17,Student 0652,parent0652@example.org,555-0152,652 Example Street,2011-03-25,6,0,0,1,42.8,41.3
S0653,17,Student 0653,parent0653@example.org,555-0153,653 Example Street,2011-03-19,6,1,1,1,49.2,44.1
S0654,17,Student 0654,parent0654@example.org,555-0154,654 Example Street,2011-08-05,6,0,1,1,54.7,59.5
S0655,17,Student 0655,parent0655@example.org,555-0155,655 Example Street,2009-09-11,7,1,1,0,42.8,39.6
S0656,17,Student 0656,parent0656@example.org,555-0156,656 Example Street,2010-07-21,7,0,1,0,55.1,50.5
S0657,17,Student 0657,parent0657@example.org,555-0157,657 Example Street,2010-03-24,7,1,1,1,47.3,47.1
S0658,17,Student 0658,parent0658@example.org,555-0158,658 Example Street,2010-11-12,6,1,0,0,30.6,24.3
S0659,17,Student 0659,parent0659@example.org,555-0159,659 Example Street,2009-04-02,8,0,1,1,43.6,40.9
S0660,17,Student 0660,parent0660@example.org,555-0160,660 Example Street,2011-01-24,6,1,0,0,52.2,54.9
S0661,17,Student 0661,parent0661@example.org,555-0161,661 Example Street,2009-12-12,7,1,1,0,32.2,31.7
S0662,17,Student 0662,parent0662@example.org,555-0162,662 Example Street,2010-12-17,6,0,1,0,31.4,29.9
S0663,17,Student 0663,parent0663@example.org,555-0163,663 Example Street,2011-08-14,6,1,1,0,38.0,36.2
S0664,17,Student 0664,parent0664@example.org,555-0164,664 Example Street,2009-04-11,8,0,1,0,41.0,43.0
S0665,17,Student 0665,parent0665@example.org,555-0165,665 Example Street,2008-09-25,8,1,0,0,51.2,51.4
S0666,17,Student 0666,parent0666@example.org,555-0166,666 Example Street,2009-12-29,7,0,1,1,49.0,
S0667,17,Student 0667,parent0667@example.org,555-0167,667 Example Street,2008-09-25,8,1,1,1,37.9,36.6
S0668,17,Student 0668,parent0668@example.org,555-0168,668 Example Street,2009-04-17,8,1,0,0,31.8,28.5
S0669,17,Student 0669,parent0669@example.org,555-0169,669 Example Street,2008-10-23,8,1,1,1,49.9,43.0
S0670,17,Student 0670,parent0670@example.org,555-0170,670 Example Street,2011-03-17,6,1,0,0,44.8,34.5
S0671,17,Student 0671,parent0671@example.org,555-0171,671 Example Street,2010-10-30,6,1,0,0,35.5,33.7
S0672,17,Student 0672,parent0672@example.org,555-0172,672 Example Street,2009-12-24,7,0,0,1,45.3,46.9
S0673,17,Student 0673,parent0673@example.org,555-0173,673 Example Street,2010-01-28,7,0,1,0,55.4,48.1
S0674,18,Student 0674,parent0674@example.org,555-0174,674 Example Street,2008-11-27,8,1,0,1,51.5,64.6
S0675,18,Student 0675,parent0675@example.org,555-0175,675 Example Street,2009-11-24,7,0,0,0,36.4,39.0
S0676,18,Student 0676,parent0676@example.org,555-0176,676 Example Street,2010-04-02,7,0,1,1,29.3,32.9
S0677,18,Student 0677,parent0677@example.org,555-0177,677 Example Street,2009-06-15,8,0,0,0,52.4,
S0678,18,Student 0678,parent0678@example.org,555-0178,678 Example Street,2010-09-23,6,0,1,1,23.4,26.6
S0679,18,Student 0679,parent0679@example.org,555-0179,679 Example Street,2011-02-14,6,0,0,0,49.3,51.9
S0680,18,Student 0680,parent0680@example.org,555-0180,680 Example Street,2010-07-09,7,1,0,0,60.0,55.5
S0681,18,Student 0681,parent0681@example.org,555-0181,681 Example Street,2009-06-25,8,0,1,0,39.4,33.8
S0682,18,Student 0682,parent0682@example.org,555-0182,682 Example Street,2011-03-27,6,0,0,1,63.7,59.5
S0683,18,Student 0683,parent0683@example.org,555-0183,683 Example Street,2010-06-24,7,0,0,1,55.6,51.1
S0684,18,Student 0684,parent0684@example.org,555-0184,684 Example Street,2008-09-02,8,1,1,0,59.5,50.8
S0685,18,Student 0685,parent0685@example.org,555-0185,685 Example Street,2009-04-23,8,0,0,1,44.6,44.5
S0686,18,Student 0686,parent0686@example.org,555-0186,686 Example Street,2010-08-16,7,0,0,1,44.9,40.5
S0687,18,Student 0687,parent0687@example.org,555-0187,687 Example Street,2011-01-19,6,0,0,0,46.4,
S0688,18,Student 0688,parent0688@example.org,555-0188,688 Example Street,2010-09-25,6,1,1,0,46.3,37.1
S0689,18,Student 0689,parent0689@example.org,555-0189,689 Example Street,2010-10-06,6,1,1,1,26.1,15.3
S0690,18,Student 0690,parent0690@example.org,555-0190,690 Example Street,2011-04-29,6,1,0,1,41.4,46.5
S0691,18,Student 0691,parent0691@example.org,555-0191,691 Example Street,2009-10-24,7,0,1,1,48.5,49.9
S0692,18,Student 0692,parent0692@example.org,555-0192,692 Example Street,2010-07-01,7,1,1,0,26.4,21.3
S0693,18,Student 0693,parent0693@example.org,555-0193,693 Example Street,2010-03-11,7,0,1,0,58.7,45.5
S0694,18,Student 0694,parent0694@example.org,555-0194,694 Example Street,2010-12-09,6,1,0,0,49.8,44.4
S0695,18,Student 0695,parent0695@example.org,555-0195,695 Example Street,2009-07-21,8,1,1,0,31.0,24.9
S0696,18,Student 0696,parent0696@example.org,555-0196,696 Example Street,2011-02-01,6,0,1,0,29.9,16.4
S0697,18,Student 0697,parent0697@example.org,555-0197,697 Example Street,2010-11-04,6,0,0,1,52.2,48.0
S0698,18,Student 0698,parent0698@example.org,555-0198,698 Example Street,2009-10-09,7,1,0,1,52.1,58.2
S0699,18,Student 0699,parent0699@example.org,555-0199,699 Example Street,2010-06-14,7,1,0,1,44.9,44.9
S0700,18,Student 0700,parent0700@example.org,555-0100,700 Example Street,2011-01-28,6,0,1,1,57.0,43.8
S0701,18,Student 0701,parent0701@example.org,555-0101,701 Example Street,2008-12-19,8,1,1,1,58.7,58.2
S0702,18,Student 0702,parent0702@example.org,555-0102,702 Example Street,2011-05-03,6,1,0,0,42.8,37.3
S0703,18,Student 0703,parent0703@example.org,555-0103,703 Example Street,2011-08-26,6,0,1,1,39.9,43.0
S0704,18,Student 0704,parent0704@example.org,555-0104,704 Example Street,2011-03-30,6,0,1,1,54.0,55.6
S0705,18,Student 0705,parent0705@example.org,555-0105,705 Example Street,2011-01-12,6,1,0,0,40.7,43.1
S0706,18,Student 0706,parent0706@example.org,555-0106,706 Example Street,2011-01-18,6,1,1,0,39.5,42.5
S0707,18,Student 0707,parent0707@example.org,555-0107,707 Example Street,2009-08-05,8,1,1,0,46.9,36.2
S0708,19,Student 0708,parent0708@example.org,555-0108,708 Example Street,2009-03-06,8,1,1,0,42.5,
S0709,19,Student 0709,parent0709@example.org,555-0109,709 Example Street,2008-12-13,8,0,1,0,51.3,38.6
S0710,19,Student 0710,parent0710@example.org,555-0110,710 Example Street,2010-05-31,7,0,0,0,34.2,28.0
S0711,19,Student 0711,parent0711@example.org,555-0111,711 Example Street,2008-12-16,8,1,0,1,39.1,44.1
S0712,19,Student 0712,parent0712@example.org,555-0112,712 Example Street,2010-03-23,7,0,1,0,51.0,43.6
S0713,19,Student 0713,parent0713@example.org,555-0113,713 Example Street,2010-03-22,7,0,1,0,35.8,23.6
S0714,19,Student 0714,parent0714@example.org,555-0114,714 Example Street,2010-06-30,7,0,1,0,32.4,25.7
S0715,19,Student 0715,parent0715@example.org,555-0115,715 Example Street,2011-05-25,6,0,1,0,27.8,27.7
S0716,19,Student 0716,parent0716@example.org,555-0116,716 Example Street,2009-09-13,7,0,1,1,38.7,33.7
S0717,19,Student 0717,parent0717@example.org,555-0117,717 Example Street,2010-08-27,7,0,0,1,41.0,
S0718,19,Student 0718,parent0718@example.org,555-0118,718 Example Street,2009-04-16,8,0,0,0,34.9,38.7
S0719,19,Student 0719,parent0719@example.org,555-0119,719 Example Street,2008-11-28,8,1,0,0,60.1,52.1
S0720,19,Student 0720,parent0720@example.org,555-0120,720 Example Street,2010-12-24,6,1,1,1,30.9,28.8
S0721,19,Student 0721,parent0721@example.org,555-0121,721 Example Street,2011-06-03,6,1,1,1,22.7,
S0722,19,Student 0722,parent0722@example.org,555-0122,722 Example Street,2010-11-23,6,1,0,0,43.7,46.7
S0723,19,Student 0723,parent0723@example.org,555-0123,723 Example Street,2010-04-23,7,1,1,1,46.0,51.1
S0724,19,Student 0724,parent0724@example.org,555-0124,724 Example Street,2011-04-22,6,0,0,1,49.3,51.9
S0725,19,Student 0725,parent0725@example.org,555-0125,725 Example Street,2008-11-02,8,1,0,1,38.0,37.0
S0726,19,Student 0726,parent0726@example.org,555-0126,726 Example Street,2010-06-08,7,0,0,0,57.0,56.2
S0727,19,Student 0727,parent0727@example.org,555-0127,727 Example Street,2008-12-09,8,0,1,1,37.5,32.9
S0728,19,Student 0728,parent0728@example.org,555-0128,728 Example Street,2011-03-22,6,1,0,0,21.7,19.9
S0729,19,Student 0729,parent0729@example.org,555-0129,729 Example Street,2009-07-24,8,0,1,1,58.8,50.2
S0730,19,Student 0730,parent0730@example.org,555-0130,730 Example Street,2009-06-22,8,0,0,1,26.7,23.3
S0731,19,Student 0731,parent0731@example.org,555-0131,731 Example Street,2010-10-20,6,1,0,1,39.3,52.5
S0732,19,Student 0732,parent0732@example.org,555-0132,732 Example Street,2011-01-25,6,1,1,1,45.2,46.5
S0733,19,Student 0733,parent0733@example.org,555-0133,733 Example Street,2009-11-16,7,1,0,0,43.3,38.9
S0734,19,Student 0734,parent0734@example.org,555-0134,734 Example Street,2009-11-27,7,0,0,1,62.7,63.5
S0735,19,Student 0735,parent0735@example.org,555-0135,735 Example Street,2010-11-17,6,1,0,1,54.4,66.7
S0736,19,Student 0736,parent0736@example.org,555-0136,736 Example Street,2011-06-27,6,0,0,1,30.9,32.2
S0737,19,Student 0737,parent0737@example.org,555-0137,737 Example Street,2011-03-10,6,0,1,0,35.8,40.7
S0738,19,Student 0738,parent0738@example.org,555-0138,738 Example Street,2011-01-09,6,0,0,0,42.1,36.8
S0739,19,Student 0739,parent0739@example.org,555-0139,739 Example Street,2011-04-04,6,1,0,0,54.6,53.6
S0740,19,Student 0740,parent0740@example.org,555-0140,740 Example Street,2011-05-18,6,1,1,0,65.9,56.7
S0741,19,Student 0741,parent0741@example.org,555-0141,741 Example Street,2009-01-29,8,1,1,1,43.5,44.3
S0742,19,Student 0742,parent0742@example.org,555-0142,742 Example Street,2009-12-05,7,1,0,0,54.2,54.3
S0743,19,Student 0743,parent0743@example.org,555-0143,743 Example Street,2009-12-20,7,1,0,1,48.2,52.8
S0744,19,Student 0744,parent0744@example.org,555-0144,744 Example Street,2010-10-27,6,0,0,0,38.1,37.5
S0745,19,Student 0745,parent0745@example.org,555-0145,745 Example Street,2009-01-03,8,0,0,1,46.1,44.4
S0746,19,Student 0746,parent0746@example.org,555-0146,746 Example Street,2009-10-28,7,0,0,0,50.5,46.9
S0747,20,Student 0747,parent0747@example.org,555-0147,747 Example Street,2011-08-18,6,1,1,0,56.1,47.4
S0748,20,Student 0748,parent0748@example.org,555-0148,748 Example Street,2009-04-13,8,0,1,0,41.8,33.9
S0749,20,Student 0749,parent0749@example.org,555-0149,749 Example Street,2010-04-06,7,1,0,0,46.9,30.4
S0750,20,Student 0750,parent0750@example.org,555-0150,750 Example Street,2009-07-29,8,0,0,1,49.3,55.8
S0751,20,Student 0751,parent0751@example.org,555-0151,751 Example Street,2010-03-15,7,0,0,1,53.2,48.5
S0752,20,Student 0752,parent0752@example.org,555-0152,752 Example Street,2008-10-13,8,1,1,1,52.7,49.0
S0753,20,Student 0753,parent0753@example.org,555-0153,753 Example Street,2011-01-20,6,0,0,1,46.6,49.0
S0754,20,Student 0754,parent0754@example.org,555-0154,754 Example Street,2008-12-16,8,0,1,1,54.2,47.2
S0755,20,Student 0755,parent0755@example.org,555-0155,755 Example Street,2009-01-01,8,0,1,1,48.8,53.2
S0756,20,Student 0756,parent0756@example.org,555-0156,756 Example Street,2011-04-09,6,1,1,0,39.4,
S0757,20,Student 0757,parent0757@example.org,555-0157,757 Example Street,2009-07-18,8,1,1,1,45.0,44.5
S0758,20,Student 0758,parent0758@example.org,555-0158,758 Example Street,2009-12-30,7,1,1,1,42.9,
S0759,20,Student 0759,parent0759@example.org,555-0159,759 Example Street,2009-11-05,7,1,1,0,30.0,28.9
S0760,20,Student 0760,parent0760@example.org,555-0160,760 Example Street,2009-02-19,8,0,0,0,52.5,47.9
S0761,20,Student 0761,parent0761@example.org,555-0161,761 Example Street,2011-05-31,6,0,0,0,55.9,46.1
S0762,20,Student 0762,parent0762@example.org,555-0162,762 Example Street,2009-09-14,7,1,0,0,56.2,55.0
S0763,20,Student 0763,parent0763@example.org,555-0163,763 Example Street,2011-01-04,6,1,1,1,43.6,48.4
S0764,20,Student 0764,parent0764@example.org,555-0164,764 Example Street,2010-09-16,6,1,1,1,30.7,29.1
S0765,20,Student 0765,parent0765@example.org,555-0165,765 Example Street,2011-07-28,6,1,0,1,36.4,36.6
S0766,20,Student 0766,parent0766@example.org,555-0166,766 Example Street,2010-10-02,6,1,0,0,29.4,34.5
S0767,20,Student 0767,parent0767@example.org,555-0167,767 Example Street,2008-10-04,8,1,1,1,42.5,43.5
S0768,20,Student 0768,parent0768@example.org,555-0168,768 Example Street,2008-12-04,8,1,0,1,45.4,42.1
S0769,20,Student 0769,parent0769@example.org,555-0169,769 Example Street,2011-06-01,6,0,0,1,58.2,66.1
S0770,20,Student 0770,parent0770@example.org,555-0170,770 Example Street,2008-12-10,8,0,0,0,43.0,38.6
S0771,20,Student 0771,parent0771@example.org,555-0171,771 Example Street,2009-10-29,7,1,0,1,36.5,47.4
S0772,20,Student 0772,parent0772@example.org,555-0172,772 Example Street,2009-07-09,8,0,0,1,57.3,63.2
S0773,20,Student 0773,parent0773@example.org,555-0173,773 Example Street,2010-04-21,7,1,0,0,49.6,48.3
S0774,20,Student 0774,parent0774@example.org,555-0174,774 Example Street,2009-11-01,7,0,1,0,34.0,33.4
S0775,20,Student 0775,parent0775@example.org,555-0175,775 Example Street,2009-07-05,8,1,1,0,51.1,41.4
S0776,20,Student 0776,parent0776@example.org,555-0176,776 Example Street,2011-03-12,6,0,0,0,26.7,35.3
S0777,20,Student 0777,parent0777@example.org,555-0177,777 Example Street,2009-08-24,8,0,1,1,52.7,44.9
S0778,20,Student 0778,parent0778@example.org,555-0178,778 Example Street,2010-11-12,6,0,0,0,63.4,52.2
S0779,20,Student 0779,parent0779@example.org,555-0179,779 Example Street,2009-12-26,7,1,0,1,34.4,29.9
S0780,20,Student 0780,parent0780@example.org,555-0180,780 Example Street,2010-08-17,7,1,0,0,35.8,35.8
S0781,20,Student 0781,parent0781@example.org,555-0181,781 Example Street,2008-10-02,8,1,0,0,49.7,42.8
S0782,20,Student 0782,parent0782@example.org,555-0182,782 Example Street,2010-09-18,6,0,0,1,63.6,71.5
S0783,20,Student 0783,parent0783@example.org,555-0183,783 Example Street,2009-04-15,8,0,0,1,62.4,55.3
S0784,20,Student 0784,parent0784@example.org,555-0184,784 Example Street,2009-04-18,8,1,0,0,37.6,33.5
S0785,20,Student 0785,parent0785@example.org,555-0185,785 Example Street,2011-04-03,6,1,0,0,48.4,51.9
S0786,20,Student 0786,parent0786@example.org,555-0186,786 Example Street,2010-06-23,7,0,1,0,48.6,40.9
