section,title,file,order,notes
General Information,Project contacts,01-contact-list.pdf,1,Prepared by the mechanical subcontractor
General Information,Warranty summary,01-warranty-summary.pdf,2,
Packaged Rooftop Unit RTU-1 (23 74 00),Product data - AeroCrest RTU-480 series,rtu-480-datasheet.pdf,3,Unit as installed: RTU-480-060
Packaged Rooftop Unit RTU-1 (23 74 00),"Installation, operation and maintenance manual",rtu-480-iom-manual.pdf,4,Manufacturer's manual with its own bookmarks
Packaged Rooftop Unit RTU-1 (23 74 00),Manufacturer's warranty - RTU-1,rtu-1-warranty.pdf,5,Starts at substantial completion
Exhaust Fans EF-1 to EF-3 (23 34 23),Product data - Ventora EF-12,ef-12-datasheet-A4.pdf,6,A4 page from the manufacturer
Exhaust Fans EF-1 to EF-3 (23 34 23),Installation and maintenance manual,ef-12-manual.pdf,7,
Exhaust Fans EF-1 to EF-3 (23 34 23),Manufacturer's warranty - EF-1 to EF-3,ef-warranty.pdf,8,
VAV Terminal Units (23 36 00),Product data - Tessel VAV-S,vav-s-datasheet.pdf,9,
VAV Terminal Units (23 36 00),Installation and maintenance manual,vav-s-manual.pdf,10,
HVAC Controls (23 09 00),Product data - Lumenwise T-200 thermostat,t200-thermostat-datasheet.pdf,11,
HVAC Controls (23 09 00),Sequence of operations,sequence-of-operations.pdf,12,As installed
Maintenance,Preventive maintenance schedule,pm-schedule.pdf,13,
Maintenance,Spare parts and attic stock,spare-parts-list.pdf,14,Handed over to the owner
"Testing, Adjusting and Balancing (23 05 93)",Preliminary air balance readings,tab-preliminary-readings.pdf,15,Includes a rotated landscape page
"Testing, Adjusting and Balancing (23 05 93)",Final test and balance report,,16,To be provided by the balancing contractor
Record Drawings,M-101 Mechanical plan (record drawing),m-101-record-drawing.pdf,17,11 x 17 sheet
